"Device ID:-ESP098990, FileName:-1162019-07-23_15H35M13S.csv, Load:-116"
TimeElapsed,Value
0:0:0,2.809
0:0:4,2.801
0:0:8,2.798
0:0:12,2.798
0:0:16,2.798
0:0:20,2.798
0:0:24,2.798
0:0:28,2.795
0:0:32,2.795
0:0:36,2.795
0:0:40,2.795
0:0:44,2.795
0:0:48,2.795
0:0:52,2.792
0:0:56,2.795
0:1:0,2.792
0:1:4,2.792
0:1:8,2.792
0:1:12,2.792
0:1:16,2.792
0:1:20,2.792
0:1:24,2.792
0:1:28,2.789
0:1:32,2.789
0:1:36,2.789
0:1:40,2.789
0:1:44,2.789
0:1:48,2.789
0:1:52,2.789
0:1:56,2.789
0:2:0,2.789
0:2:4,2.789
0:2:8,2.789
0:2:12,2.786
0:2:16,2.786
0:2:20,2.786
0:2:24,2.786
0:2:28,2.786
0:2:32,2.786
0:2:36,2.786
0:2:40,2.786
0:2:44,2.786
0:2:48,2.783
0:2:52,2.786
0:2:56,2.783
0:3:0,2.783
0:3:4,2.783
0:3:8,2.783
0:3:12,2.783
0:3:16,2.78
0:3:20,2.783
0:3:24,2.78
0:3:28,2.78
0:3:32,2.78
0:3:36,2.78
0:3:40,2.777
0:3:44,2.777
0:3:48,2.777
0:3:52,2.777
0:3:56,2.777
0:4:0,2.771
0:4:4,2.777
0:4:8,2.777
0:4:12,2.771
0:4:16,2.771
0:4:20,2.777
0:4:24,2.771
0:4:28,2.771
0:4:32,2.771
0:4:36,2.771
0:4:40,2.771
0:4:44,2.771
0:4:48,2.771
0:4:52,2.771
0:4:56,2.769
0:5:0,2.769
0:5:4,2.769
0:5:8,2.769
0:5:12,2.769
0:5:16,2.769
0:5:20,2.769
0:5:24,2.769
0:5:28,2.769
0:5:32,2.769
0:5:36,2.769
0:5:40,2.766
0:5:44,2.766
0:5:48,2.766
0:5:52,2.766
0:5:56,2.763
0:6:0,2.766
0:6:4,2.766
0:6:8,2.763
0:6:12,2.763
0:6:16,2.76
0:6:20,2.763
0:6:24,2.763
0:6:28,2.76
0:6:32,2.76
0:6:36,2.76
0:6:40,2.76
0:6:44,2.76
0:6:48,2.76
0:6:52,2.76
0:6:56,2.76
0:7:0,2.76
0:7:4,2.76
0:7:8,2.76
0:7:12,2.76
0:7:16,2.76
0:7:20,2.76
0:7:24,2.76
0:7:28,2.76
0:7:32,2.76
0:7:36,2.757
0:7:40,2.757
0:7:44,2.757
0:7:48,2.757
0:7:52,2.757
0:7:56,2.757
0:8:0,2.757
0:8:4,2.757
0:8:8,2.757
0:8:12,2.757
0:8:16,2.757
0:8:20,2.757
0:8:24,2.757
0:8:28,2.757
0:8:32,2.757
0:8:36,2.757
0:8:40,2.757
0:8:44,2.757
0:8:48,2.754
0:8:52,2.754
0:8:56,2.757
0:9:0,2.754
0:9:4,2.754
0:9:8,2.754
0:9:12,2.754
0:9:16,2.754
0:9:20,2.754
0:9:24,2.754
0:9:28,2.754
0:9:32,2.754
0:9:36,2.754
0:9:40,2.754
0:9:44,2.754
0:9:48,2.751
0:9:52,2.754
0:9:56,2.754
0:10:0,2.751
0:10:4,2.751
0:10:8,2.751
0:10:12,2.748
0:10:16,2.751
0:10:20,2.751
0:10:24,2.751
0:10:28,2.748
0:10:32,2.748
0:10:36,2.748
0:10:40,2.748
0:10:44,2.748
0:10:48,2.748
0:10:52,2.748
0:10:56,2.748
0:11:0,2.748
0:11:4,2.748
0:11:8,2.748
0:11:12,2.748
0:11:16,2.748
0:11:20,2.748
0:11:24,2.748
0:11:28,2.748
0:11:32,2.748
0:11:36,2.748
0:11:40,2.745
0:11:44,2.748
0:11:48,2.745
0:11:52,2.745
0:11:56,2.745
0:12:0,2.745
0:12:4,2.745
0:12:8,2.745
0:12:12,2.745
0:12:16,2.745
0:12:20,2.745
0:12:24,2.745
0:12:28,2.745
0:12:32,2.745
0:12:36,2.745
0:12:40,2.742
0:12:44,2.742
0:12:48,2.742
0:12:52,2.742
0:12:56,2.742
0:13:0,2.742
0:13:4,2.742
0:13:8,2.742
0:13:12,2.742
0:13:16,2.742
0:13:20,2.742
0:13:24,2.742
0:13:28,2.742
0:13:32,2.736
0:13:36,2.736
0:13:40,2.742
0:13:44,2.736
0:13:48,2.736
0:13:52,2.736
0:13:56,2.736
0:14:0,2.736
0:14:4,2.736
0:14:8,2.736
0:14:12,2.736
0:14:16,2.736
0:14:20,2.736
0:14:24,2.736
0:14:28,2.736
0:14:32,2.736
0:14:36,2.736
0:14:40,2.736
0:14:44,2.736
0:14:48,2.736
0:14:52,2.736
0:14:56,2.736
0:15:0,2.736
0:15:4,2.736
0:15:8,2.736
0:15:12,2.736
0:15:16,2.733
0:15:20,2.733
0:15:24,2.733
0:15:28,2.733
0:15:32,2.733
0:15:36,2.733
0:15:40,2.733
0:15:44,2.733
0:15:48,2.733
0:15:52,2.733
0:15:56,2.733
0:16:0,2.733
0:16:4,2.733
0:16:8,2.73
0:16:12,2.733
0:16:16,2.733
0:16:20,2.733
0:16:24,2.73
0:16:28,2.73
0:16:32,2.733
0:16:36,2.733
0:16:40,2.73
0:16:44,2.73
0:16:48,2.73
0:16:52,2.73
0:16:56,2.73
0:17:0,2.73
0:17:4,2.73
0:17:8,2.73
0:17:12,2.73
0:17:16,2.73
0:17:20,2.73
0:17:24,2.73
0:17:28,2.73
0:17:32,2.73
0:17:36,2.73
0:17:40,2.73
0:17:44,2.73
0:17:48,2.73
0:17:52,2.73
0:17:56,2.73
0:18:0,2.73
0:18:4,2.73
0:18:8,2.73
0:18:12,2.73
0:18:16,2.73
0:18:20,2.728
0:18:24,2.728
0:18:28,2.728
0:18:32,2.728
0:18:36,2.728
0:18:40,2.728
0:18:44,2.728
0:18:48,2.728
0:18:52,2.728
0:18:56,2.728
0:19:0,2.728
0:19:4,2.728
0:19:8,2.728
0:19:12,2.728
0:19:16,2.725
0:19:20,2.725
0:19:24,2.725
0:19:28,2.725
0:19:32,2.725
0:19:36,2.725
0:19:40,2.725
0:19:44,2.722
0:19:48,2.725
0:19:52,2.722
0:19:56,2.722
0:20:0,2.722
0:20:4,2.722
0:20:8,2.719
0:20:12,2.719
0:20:16,2.719
0:20:20,2.719
0:20:24,2.719
0:20:28,2.719
0:20:32,2.719
0:20:36,2.719
0:20:40,2.719
0:20:44,2.719
0:20:48,2.719
0:20:52,2.719
0:20:56,2.719
0:21:0,2.719
0:21:4,2.719
0:21:8,2.719
0:21:12,2.719
0:21:16,2.719
0:21:20,2.719
0:21:24,2.719
0:21:28,2.719
0:21:32,2.719
0:21:36,2.719
0:21:40,2.716
0:21:44,2.719
0:21:48,2.719
0:21:52,2.716
0:21:56,2.716
0:22:0,2.716
0:22:4,2.716
0:22:8,2.716
0:22:12,2.719
0:22:16,2.716
0:22:20,2.716
0:22:24,2.716
0:22:28,2.716
0:22:32,2.716
0:22:36,2.716
0:22:40,2.716
0:22:44,2.716
0:22:48,2.716
0:22:52,2.716
0:22:56,2.716
0:23:0,2.716
0:23:4,2.716
0:23:8,2.716
0:23:12,2.716
0:23:16,2.716
0:23:20,2.713
0:23:24,2.716
0:23:28,2.716
0:23:32,2.716
0:23:36,2.713
0:23:40,2.713
0:23:44,2.713
0:23:48,2.713
0:23:52,2.713
0:23:56,2.713
0:24:0,2.713
0:24:4,2.713
0:24:8,2.713
0:24:12,2.713
0:24:16,2.713
0:24:20,2.713
0:24:24,2.713
0:24:28,2.713
0:24:32,2.713
0:24:36,2.713
0:24:40,2.713
0:24:44,2.713
0:24:48,2.713
0:24:52,2.713
0:24:56,2.713
0:25:0,2.713
0:25:4,2.713
0:25:8,2.713
0:25:12,2.713
0:25:16,2.713
0:25:20,2.713
0:25:24,2.713
0:25:28,2.713
0:25:32,2.71
0:25:36,2.713
0:25:40,2.713
0:25:44,2.71
0:25:48,2.71
0:25:52,2.71
0:25:56,2.71
0:26:0,2.71
0:26:4,2.71
0:26:8,2.71
0:26:12,2.71
0:26:16,2.71
0:26:20,2.71
0:26:24,2.71
0:26:28,2.71
0:26:32,2.71
0:26:36,2.71
0:26:40,2.71
0:26:44,2.71
0:26:48,2.71
0:26:52,2.71
0:26:56,2.707
0:27:0,2.71
0:27:4,2.71
0:27:8,2.71
0:27:12,2.71
0:27:16,2.707
0:27:20,2.707
0:27:24,2.71
0:27:28,2.707
0:27:32,2.707
0:27:36,2.707
0:27:40,2.707
0:27:44,2.707
0:27:48,2.707
0:27:52,2.707
0:27:56,2.707
0:28:0,2.707
0:28:4,2.707
0:28:8,2.707
0:28:12,2.707
0:28:16,2.707
0:28:20,2.707
0:28:24,2.707
0:28:28,2.707
0:28:32,2.707
0:28:36,2.707
0:28:40,2.707
0:28:44,2.707
0:28:48,2.707
0:28:52,2.701
0:28:56,2.707
0:29:0,2.707
0:29:4,2.707
0:29:8,2.707
0:29:12,2.707
0:29:16,2.701
0:29:20,2.701
0:29:24,2.701
0:29:28,2.701
0:29:32,2.701
0:29:36,2.701
0:29:40,2.701
0:29:44,2.701
0:29:48,2.701
0:29:52,2.701
0:29:56,2.701
0:30:0,2.701
0:30:4,2.701
0:30:8,2.698
0:30:12,2.701
0:30:16,2.701
0:30:20,2.698
0:30:24,2.701
0:30:28,2.698
0:30:32,2.698
0:30:36,2.701
0:30:40,2.701
0:30:44,2.698
0:30:48,2.698
0:30:52,2.698
0:30:56,2.698
0:31:0,2.698
0:31:4,2.698
0:31:8,2.698
0:31:12,2.698
0:31:16,2.698
0:31:20,2.698
0:31:24,2.698
0:31:28,2.698
0:31:32,2.698
0:31:36,2.698
0:31:40,2.698
0:31:44,2.698
0:31:48,2.698
0:31:52,2.698
0:31:56,2.698
0:32:0,2.698
0:32:4,2.698
0:32:8,2.698
0:32:12,2.698
0:32:16,2.698
0:32:20,2.698
0:32:24,2.698
0:32:28,2.695
0:32:32,2.698
0:32:36,2.698
0:32:40,2.698
0:32:44,2.695
0:32:48,2.698
0:32:52,2.698
0:32:56,2.698
0:33:0,2.698
0:33:4,2.698
0:33:8,2.695
0:33:12,2.695
0:33:16,2.695
0:33:20,2.695
0:33:24,2.695
0:33:28,2.695
0:33:32,2.695
0:33:36,2.695
0:33:40,2.695
0:33:44,2.695
0:33:48,2.695
0:33:52,2.695
0:33:56,2.695
0:34:0,2.695
0:34:4,2.695
0:34:8,2.692
0:34:12,2.692
0:34:16,2.692
0:34:20,2.692
0:34:24,2.692
0:34:28,2.692
0:34:32,2.692
0:34:36,2.692
0:34:40,2.692
0:34:44,2.692
0:34:48,2.692
0:34:52,2.692
0:34:56,2.689
0:35:0,2.692
0:35:4,2.692
0:35:8,2.692
0:35:12,2.692
0:35:16,2.692
0:35:20,2.692
0:35:24,2.692
0:35:28,2.692
0:35:32,2.692
0:35:36,2.692
0:35:40,2.692
0:35:44,2.692
0:35:48,2.692
0:35:52,2.692
0:35:56,2.692
0:36:0,2.692
0:36:4,2.689
0:36:8,2.689
0:36:12,2.689
0:36:16,2.689
0:36:20,2.689
0:36:24,2.689
0:36:28,2.689
0:36:32,2.689
0:36:36,2.689
0:36:40,2.689
0:36:44,2.689
0:36:48,2.692
0:36:52,2.689
0:36:56,2.689
0:37:0,2.689
0:37:4,2.689
0:37:8,2.689
0:37:12,2.689
0:37:16,2.689
0:37:20,2.689
0:37:24,2.689
0:37:28,2.689
0:37:32,2.689
0:37:36,2.689
0:37:40,2.689
0:37:44,2.689
0:37:48,2.689
0:37:52,2.689
0:37:56,2.689
0:38:0,2.689
0:38:4,2.689
0:38:8,2.689
0:38:12,2.689
0:38:16,2.689
0:38:20,2.689
0:38:24,2.689
0:38:28,2.689
0:38:32,2.689
0:38:36,2.689
0:38:40,2.689
0:38:44,2.689
0:38:48,2.687
0:38:52,2.687
0:38:56,2.689
0:39:0,2.689
0:39:4,2.689
0:39:8,2.687
0:39:12,2.687
0:39:16,2.687
0:39:20,2.687
0:39:24,2.687
0:39:28,2.687
0:39:32,2.687
0:39:36,2.687
0:39:40,2.687
0:39:44,2.687
0:39:48,2.684
0:39:52,2.687
0:39:56,2.684
0:40:0,2.687
0:40:4,2.687
0:40:8,2.684
0:40:12,2.684
0:40:16,2.684
0:40:20,2.684
0:40:24,2.684
0:40:28,2.684
0:40:32,2.684
0:40:36,2.684
0:40:40,2.684
0:40:44,2.684
0:40:48,2.684
0:40:52,2.684
0:40:56,2.684
0:41:0,2.684
0:41:4,2.684
0:41:8,2.684
0:41:12,2.684
0:41:16,2.684
0:41:20,2.684
0:41:24,2.684
0:41:28,2.684
0:41:32,2.684
0:41:36,2.684
0:41:40,2.684
0:41:44,2.684
0:41:48,2.684
0:41:52,2.684
0:41:56,2.684
0:42:0,2.684
0:42:4,2.684
0:42:8,2.684
0:42:12,2.681
0:42:16,2.684
0:42:20,2.684
0:42:24,2.681
0:42:28,2.684
0:42:32,2.684
0:42:36,2.681
0:42:40,2.681
0:42:44,2.681
0:42:48,2.681
0:42:52,2.681
0:42:56,2.681
0:43:0,2.681
0:43:4,2.681
0:43:8,2.681
0:43:12,2.681
0:43:16,2.681
0:43:20,2.681
0:43:24,2.681
0:43:28,2.681
0:43:32,2.681
0:43:36,2.681
0:43:40,2.681
0:43:44,2.681
0:43:48,2.681
0:43:52,2.681
0:43:56,2.681
0:44:0,2.681
0:44:4,2.681
0:44:8,2.681
0:44:12,2.681
0:44:16,2.681
0:44:20,2.681
0:44:24,2.681
0:44:28,2.678
0:44:32,2.675
0:44:36,2.675
0:44:40,2.675
0:44:44,2.675
0:44:48,2.675
0:44:52,2.675
0:44:56,2.675
0:45:0,2.675
0:45:4,2.675
0:45:8,2.675
0:45:12,2.675
0:45:16,2.675
0:45:20,2.675
0:45:24,2.675
0:45:28,2.675
0:45:32,2.675
0:45:36,2.675
0:45:40,2.675
0:45:44,2.675
0:45:48,2.675
0:45:52,2.675
0:45:56,2.675
0:46:0,2.675
0:46:4,2.675
0:46:8,2.675
0:46:12,2.675
0:46:16,2.675
0:46:20,2.675
0:46:24,2.675
0:46:28,2.675
0:46:32,2.672
0:46:36,2.672
0:46:40,2.675
0:46:44,2.675
0:46:48,2.672
0:46:52,2.672
0:46:56,2.672
0:47:0,2.672
0:47:4,2.672
0:47:8,2.672
0:47:12,2.672
0:47:16,2.672
0:47:20,2.672
0:47:24,2.672
0:47:28,2.672
0:47:32,2.672
0:47:36,2.672
0:47:40,2.672
0:47:44,2.672
0:47:48,2.672
0:47:52,2.672
0:47:56,2.672
0:48:0,2.672
0:48:4,2.672
0:48:8,2.672
0:48:12,2.672
0:48:16,2.672
0:48:20,2.672
0:48:24,2.672
0:48:28,2.672
0:48:32,2.672
0:48:36,2.672
0:48:40,2.672
0:48:44,2.672
0:48:48,2.672
0:48:52,2.672
0:48:56,2.666
0:49:0,2.672
0:49:4,2.672
0:49:8,2.672
0:49:12,2.666
0:49:16,2.672
0:49:20,2.672
0:49:24,2.666
0:49:28,2.663
0:49:32,2.666
0:49:36,2.663
0:49:40,2.666
0:49:44,2.666
0:49:48,2.666
0:49:52,2.666
0:49:56,2.663
0:50:0,2.663
0:50:4,2.663
0:50:8,2.663
0:50:12,2.663
0:50:16,2.663
0:50:20,2.663
0:50:24,2.663
0:50:28,2.663
0:50:32,2.663
0:50:36,2.663
0:50:40,2.663
0:50:44,2.663
0:50:48,2.663
0:50:52,2.663
0:50:56,2.663
0:51:0,2.663
0:51:4,2.663
0:51:8,2.663
0:51:12,2.663
0:51:16,2.663
0:51:20,2.663
0:51:24,2.663
0:51:28,2.663
0:51:32,2.663
0:51:36,2.663
0:51:40,2.663
0:51:44,2.663
0:51:48,2.663
0:51:52,2.663
0:51:56,2.66
0:52:0,2.66
0:52:4,2.663
0:52:8,2.663
0:52:12,2.66
0:52:16,2.66
0:52:20,2.66
0:52:24,2.66
0:52:28,2.66
0:52:32,2.66
0:52:36,2.66
0:52:40,2.66
0:52:44,2.66
0:52:48,2.66
0:52:52,2.66
0:52:56,2.66
0:53:0,2.66
0:53:4,2.66
0:53:8,2.66
0:53:12,2.66
0:53:16,2.66
0:53:20,2.66
0:53:24,2.66
0:53:28,2.66
0:53:32,2.66
0:53:36,2.66
0:53:40,2.66
0:53:44,2.66
0:53:48,2.66
0:53:52,2.66
0:53:56,2.66
0:54:0,2.657
0:54:4,2.66
0:54:8,2.66
0:54:12,2.66
0:54:16,2.66
0:54:20,2.66
0:54:24,2.66
0:54:28,2.66
0:54:32,2.66
0:54:36,2.66
0:54:40,2.66
0:54:44,2.66
0:54:48,2.66
0:54:52,2.66
0:54:56,2.66
0:55:0,2.66
0:55:4,2.66
0:55:8,2.66
0:55:12,2.66
0:55:16,2.66
0:55:20,2.66
0:55:24,2.657
0:55:28,2.657
0:55:32,2.657
0:55:36,2.657
0:55:40,2.657
0:55:44,2.657
0:55:48,2.66
0:55:52,2.657
0:55:56,2.66
0:56:0,2.657
0:56:4,2.657
0:56:8,2.657
0:56:12,2.657
0:56:16,2.657
0:56:20,2.657
0:56:24,2.657
0:56:28,2.657
0:56:32,2.657
0:56:36,2.657
0:56:40,2.657
0:56:44,2.657
0:56:48,2.657
0:56:52,2.657
0:56:56,2.657
0:57:0,2.657
0:57:4,2.657
0:57:8,2.657
0:57:12,2.657
0:57:16,2.657
0:57:20,2.657
0:57:24,2.657
0:57:28,2.657
0:57:32,2.657
0:57:36,2.657
0:57:40,2.657
0:57:44,2.657
0:57:48,2.657
0:57:52,2.657
0:57:56,2.657
0:58:0,2.657
0:58:4,2.657
0:58:8,2.657
0:58:12,2.657
0:58:16,2.657
0:58:20,2.657
0:58:24,2.657
0:58:28,2.657
0:58:32,2.657
0:58:36,2.657
0:58:40,2.657
0:58:44,2.657
0:58:48,2.654
0:58:52,2.657
0:58:56,2.657
0:59:0,2.657
0:59:4,2.657
0:59:8,2.657
0:59:12,2.657
0:59:16,2.657
0:59:20,2.657
0:59:24,2.657
0:59:28,2.657
0:59:32,2.657
0:59:36,2.657
0:59:40,2.657
0:59:44,2.657
0:59:48,2.657
0:59:52,2.657
0:59:56,2.654
1:0:0,2.654
1:0:4,2.654
1:0:8,2.654
1:0:12,2.654
1:0:16,2.654
1:0:20,2.654
1:0:24,2.654
1:0:28,2.654
1:0:32,2.654
1:0:36,2.654
1:0:40,2.654
1:0:44,2.654
1:0:48,2.654
1:0:52,2.654
1:0:56,2.654
1:1:0,2.654
1:1:4,2.654
1:1:8,2.654
1:1:12,2.654
1:1:16,2.654
1:1:20,2.654
1:1:24,2.654
1:1:28,2.654
1:1:32,2.654
1:1:36,2.654
1:1:40,2.654
1:1:44,2.654
1:1:48,2.654
1:1:52,2.654
1:1:56,2.654
1:2:0,2.651
1:2:4,2.654
1:2:8,2.654
1:2:12,2.654
1:2:16,2.651
1:2:20,2.654
1:2:24,2.654
1:2:28,2.651
1:2:32,2.654
1:2:36,2.654
1:2:40,2.654
1:2:44,2.654
1:2:48,2.654
1:2:52,2.651
1:2:56,2.651
1:3:0,2.651
1:3:4,2.651
1:3:8,2.651
1:3:12,2.651
1:3:16,2.651
1:3:20,2.654
1:3:24,2.654
1:3:28,2.651
1:3:32,2.651
1:3:36,2.651
1:3:40,2.651
1:3:44,2.651
1:3:48,2.651
1:3:52,2.651
1:3:56,2.651
1:4:0,2.651
1:4:4,2.651
1:4:8,2.651
1:4:12,2.651
1:4:16,2.651
1:4:20,2.651
1:4:24,2.651
1:4:28,2.654
1:4:32,2.651
1:4:36,2.651
1:4:40,2.651
1:4:44,2.651
1:4:48,2.651
1:4:52,2.651
1:4:56,2.651
1:5:0,2.651
1:5:4,2.651
1:5:8,2.651
1:5:12,2.651
1:5:16,2.651
1:5:20,2.651
1:5:24,2.651
1:5:28,2.651
1:5:32,2.651
1:5:36,2.651
1:5:40,2.651
1:5:44,2.651
1:5:48,2.651
1:5:52,2.651
1:5:56,2.651
1:6:0,2.651
1:6:4,2.651
1:6:8,2.651
1:6:12,2.651
1:6:16,2.651
1:6:20,2.651
1:6:24,2.651
1:6:28,2.651
1:6:32,2.651
1:6:36,2.651
1:6:40,2.651
1:6:44,2.648
1:6:48,2.651
1:6:52,2.651
1:6:56,2.651
1:7:0,2.651
1:7:4,2.651
1:7:8,2.651
1:7:12,2.651
1:7:16,2.651
1:7:20,2.648
1:7:24,2.648
1:7:28,2.651
1:7:32,2.648
1:7:36,2.651
1:7:40,2.651
1:7:44,2.651
1:7:48,2.651
1:7:52,2.651
1:7:56,2.651
1:8:0,2.648
1:8:4,2.651
1:8:8,2.648
1:8:12,2.648
1:8:16,2.648
1:8:20,2.648
1:8:24,2.648
1:8:28,2.648
1:8:32,2.648
1:8:36,2.648
1:8:40,2.648
1:8:44,2.648
1:8:48,2.648
1:8:52,2.648
1:8:56,2.648
1:9:0,2.648
1:9:4,2.648
1:9:8,2.648
1:9:12,2.648
1:9:16,2.648
1:9:20,2.648
1:9:24,2.646
1:9:28,2.648
1:9:32,2.648
1:9:36,2.648
1:9:40,2.646
1:9:44,2.648
1:9:48,2.646
1:9:52,2.646
1:9:56,2.646
1:10:0,2.648
1:10:4,2.646
1:10:8,2.648
1:10:12,2.646
1:10:16,2.646
1:10:20,2.646
1:10:24,2.646
1:10:28,2.646
1:10:32,2.648
1:10:36,2.648
1:10:40,2.646
1:10:44,2.646
1:10:48,2.646
1:10:52,2.646
1:10:56,2.646
1:11:0,2.646
1:11:4,2.646
1:11:8,2.646
1:11:12,2.646
1:11:16,2.646
1:11:20,2.646
1:11:24,2.646
1:11:28,2.646
1:11:32,2.646
1:11:36,2.646
1:11:40,2.646
1:11:44,2.646
1:11:48,2.646
1:11:52,2.646
1:11:56,2.646
1:12:0,2.646
1:12:4,2.646
1:12:8,2.646
1:12:12,2.646
1:12:16,2.646
1:12:20,2.646
1:12:24,2.646
1:12:28,2.646
1:12:32,2.646
1:12:36,2.646
1:12:40,2.646
1:12:44,2.646
1:12:48,2.646
1:12:52,2.646
1:12:56,2.646
1:13:0,2.646
1:13:4,2.646
1:13:8,2.646
1:13:12,2.646
1:13:16,2.646
1:13:20,2.646
1:13:24,2.646
1:13:28,2.646
1:13:32,2.646
1:13:36,2.646
1:13:40,2.646
1:13:44,2.646
1:13:48,2.646
1:13:52,2.646
1:13:56,2.646
1:14:0,2.646
1:14:4,2.646
1:14:8,2.646
1:14:12,2.646
1:14:16,2.646
1:14:20,2.646
1:14:24,2.646
1:14:28,2.643
1:14:32,2.643
1:14:36,2.646
1:14:40,2.646
1:14:44,2.643
1:14:48,2.646
1:14:52,2.643
1:14:56,2.643
1:15:0,2.643
1:15:4,2.643
1:15:8,2.643
1:15:12,2.643
1:15:16,2.643
1:15:20,2.643
1:15:24,2.643
1:15:28,2.643
1:15:32,2.643
1:15:36,2.643
1:15:40,2.643
1:15:44,2.643
1:15:48,2.643
1:15:52,2.643
1:15:56,2.643
1:16:0,2.643
1:16:4,2.643
1:16:8,2.643
1:16:12,2.643
1:16:16,2.643
1:16:20,2.643
1:16:24,2.643
1:16:28,2.643
1:16:32,2.643
1:16:36,2.643
1:16:40,2.643
1:16:44,2.643
1:16:48,2.643
1:16:52,2.643
1:16:56,2.643
1:17:0,2.643
1:17:4,2.643
1:17:8,2.643
1:17:12,2.643
1:17:16,2.643
1:17:20,2.643
1:17:24,2.643
1:17:28,2.643
1:17:32,2.643
1:17:36,2.643
1:17:40,2.643
1:17:44,2.643
1:17:48,2.643
1:17:52,2.643
1:17:56,2.643
1:18:0,2.643
1:18:4,2.643
1:18:8,2.643
1:18:12,2.643
1:18:16,2.643
1:18:20,2.643
1:18:24,2.643
1:18:28,2.643
1:18:32,2.643
1:18:36,2.643
1:18:40,2.643
1:18:44,2.643
1:18:48,2.643
1:18:52,2.643
1:18:56,2.643
1:19:0,2.643
1:19:4,2.643
1:19:8,2.643
1:19:12,2.643
1:19:16,2.64
1:19:20,2.64
1:19:24,2.64
1:19:28,2.643
1:19:32,2.643
1:19:36,2.64
1:19:40,2.643
1:19:44,2.64
1:19:48,2.643
1:19:52,2.64
1:19:56,2.64
1:20:0,2.643
1:20:4,2.64
1:20:8,2.64
1:20:12,2.64
1:20:16,2.64
1:20:20,2.64
1:20:24,2.64
1:20:28,2.64
1:20:32,2.637
1:20:36,2.64
1:20:40,2.637
1:20:44,2.637
1:20:48,2.64
1:20:52,2.637
1:20:56,2.637
1:21:0,2.637
1:21:4,2.637
1:21:8,2.637
1:21:12,2.637
1:21:16,2.637
1:21:20,2.637
1:21:24,2.637
1:21:28,2.637
1:21:32,2.637
1:21:36,2.637
1:21:40,2.64
1:21:44,2.64
1:21:48,2.637
1:21:52,2.637
1:21:56,2.64
1:22:0,2.637
1:22:4,2.637
1:22:8,2.637
1:22:12,2.637
1:22:16,2.637
1:22:20,2.637
1:22:24,2.637
1:22:28,2.637
1:22:32,2.637
1:22:36,2.637
1:22:40,2.637
1:22:44,2.637
1:22:48,2.637
1:22:52,2.637
1:22:56,2.637
1:23:0,2.637
1:23:4,2.637
1:23:8,2.637
1:23:12,2.637
1:23:16,2.637
1:23:20,2.637
1:23:24,2.637
1:23:28,2.637
1:23:32,2.637
1:23:36,2.637
1:23:40,2.637
1:23:44,2.622
1:23:48,2.628
1:23:52,2.631
1:23:56,2.631
1:24:0,2.637
1:24:4,2.631
1:24:8,2.631
1:24:12,2.631
1:24:16,2.631
1:24:20,2.637
1:24:24,2.637
1:24:28,2.637
1:24:32,2.637
1:24:36,2.637
1:24:40,2.637
1:24:44,2.631
1:24:48,2.631
1:24:52,2.637
1:24:56,2.637
1:25:0,2.637
1:25:4,2.637
1:25:8,2.637
1:25:12,2.637
1:25:16,2.637
1:25:20,2.637
1:25:24,2.631
1:25:28,2.631
1:25:32,2.631
1:25:36,2.631
1:25:40,2.637
1:25:44,2.631
1:25:48,2.631
1:25:52,2.637
1:25:56,2.631
1:26:0,2.631
1:26:4,2.637
1:26:8,2.637
1:26:12,2.631
1:26:16,2.631
1:26:20,2.631
1:26:24,2.631
1:26:28,2.631
1:26:32,2.631
1:26:36,2.631
1:26:40,2.631
1:26:44,2.631
1:26:48,2.631
1:26:52,2.631
1:26:56,2.631
1:27:0,2.631
1:27:4,2.631
1:27:8,2.631
1:27:12,2.631
1:27:16,2.631
1:27:20,2.631
1:27:24,2.631
1:27:28,2.631
1:27:32,2.631
1:27:36,2.631
1:27:40,2.631
1:27:44,2.631
1:27:48,2.631
1:27:52,2.631
1:27:56,2.631
1:28:0,2.631
1:28:4,2.631
1:28:8,2.631
1:28:12,2.631
1:28:16,2.631
1:28:20,2.631
1:28:24,2.631
1:28:28,2.631
1:28:32,2.631
1:28:36,2.631
1:28:40,2.631
1:28:44,2.631
1:28:48,2.631
1:28:52,2.631
1:28:56,2.631
1:29:0,2.631
1:29:4,2.631
1:29:8,2.631
1:29:12,2.631
1:29:16,2.631
1:29:20,2.631
1:29:24,2.631
1:29:28,2.631
1:29:32,2.631
1:29:36,2.631
1:29:40,2.631
1:29:44,2.631
1:29:48,2.631
1:29:52,2.631
1:29:56,2.631
1:30:0,2.631
1:30:4,2.631
1:30:8,2.631
1:30:12,2.631
1:30:16,2.631
1:30:20,2.631
1:30:24,2.631
1:30:28,2.631
1:30:32,2.631
1:30:36,2.631
1:30:40,2.631
1:30:44,2.628
1:30:48,2.628
1:30:52,2.628
1:30:56,2.631
1:31:0,2.631
1:31:4,2.631
1:31:8,2.631
1:31:12,2.631
1:31:16,2.628
1:31:20,2.631
1:31:24,2.628
1:31:28,2.628
1:31:32,2.628
1:31:36,2.628
1:31:40,2.631
1:31:44,2.631
1:31:48,2.631
1:31:52,2.628
1:31:56,2.631
1:32:0,2.631
1:32:4,2.631
1:32:8,2.631
1:32:12,2.631
1:32:16,2.631
1:32:20,2.628
1:32:24,2.628
1:32:28,2.628
1:32:32,2.628
1:32:36,2.628
1:32:40,2.628
1:32:44,2.628
1:32:48,2.628
1:32:52,2.628
1:32:56,2.628
1:33:0,2.628
1:33:4,2.628
1:33:8,2.628
1:33:12,2.628
1:33:16,2.628
1:33:20,2.628
1:33:24,2.628
1:33:28,2.628
1:33:32,2.628
1:33:36,2.628
1:33:40,2.628
1:33:44,2.628
1:33:48,2.628
1:33:52,2.628
1:33:56,2.628
1:34:0,2.628
1:34:4,2.628
1:34:8,2.628
1:34:12,2.628
1:34:16,2.628
1:34:20,2.628
1:34:24,2.628
1:34:28,2.628
1:34:32,2.628
1:34:36,2.628
1:34:40,2.628
1:34:44,2.628
1:34:48,2.628
1:34:52,2.628
1:34:56,2.628
1:35:0,2.628
1:35:4,2.628
1:35:8,2.628
1:35:12,2.628
1:35:16,2.628
1:35:20,2.628
1:35:24,2.628
1:35:28,2.628
1:35:32,2.628
1:35:36,2.628
1:35:40,2.628
1:35:44,2.628
1:35:48,2.628
1:35:52,2.628
1:35:56,2.628
1:36:0,2.628
1:36:4,2.628
1:36:8,2.628
1:36:12,2.628
1:36:16,2.628
1:36:20,2.628
1:36:24,2.628
1:36:28,2.628
1:36:32,2.628
1:36:36,2.628
1:36:40,2.625
1:36:44,2.628
1:36:48,2.625
1:36:52,2.628
1:36:56,2.628
1:37:0,2.628
1:37:4,2.628
1:37:8,2.628
1:37:12,2.628
1:37:16,2.628
1:37:20,2.628
1:37:24,2.628
1:37:28,2.628
1:37:32,2.628
1:37:36,2.628
1:37:40,2.625
1:37:44,2.625
1:37:48,2.625
1:37:52,2.625
1:37:56,2.625
1:38:0,2.625
1:38:4,2.625
1:38:8,2.625
1:38:12,2.625
1:38:16,2.625
1:38:20,2.625
1:38:24,2.625
1:38:28,2.625
1:38:32,2.625
1:38:36,2.625
1:38:40,2.625
1:38:44,2.625
1:38:48,2.625
1:38:52,2.625
1:38:56,2.625
1:39:0,2.625
1:39:4,2.625
1:39:8,2.625
1:39:12,2.625
1:39:16,2.625
1:39:20,2.622
1:39:24,2.625
1:39:28,2.625
1:39:32,2.625
1:39:36,2.622
1:39:40,2.622
1:39:44,2.625
1:39:48,2.625
1:39:52,2.625
1:39:56,2.625
1:40:0,2.625
1:40:4,2.625
1:40:8,2.625
1:40:12,2.625
1:40:16,2.625
1:40:20,2.625
1:40:24,2.625
1:40:28,2.625
1:40:32,2.622
1:40:36,2.625
1:40:40,2.622
1:40:44,2.625
1:40:48,2.622
1:40:52,2.625
1:40:56,2.625
1:41:0,2.625
1:41:4,2.625
1:41:8,2.625
1:41:12,2.622
1:41:16,2.622
1:41:20,2.625
1:41:24,2.622
1:41:28,2.625
1:41:32,2.625
1:41:36,2.622
1:41:40,2.625
1:41:44,2.622
1:41:48,2.622
1:41:52,2.625
1:41:56,2.622
1:42:0,2.622
1:42:4,2.622
1:42:8,2.622
1:42:12,2.622
1:42:16,2.622
1:42:20,2.625
1:42:24,2.622
1:42:28,2.622
1:42:32,2.625
1:42:36,2.622
1:42:40,2.622
1:42:44,2.622
1:42:48,2.622
1:42:52,2.622
1:42:56,2.622
1:43:0,2.622
1:43:4,2.622
1:43:8,2.622
1:43:12,2.622
1:43:16,2.622
1:43:20,2.622
1:43:24,2.622
1:43:28,2.622
1:43:32,2.622
1:43:36,2.622
1:43:40,2.622
1:43:44,2.622
1:43:48,2.622
1:43:52,2.622
1:43:56,2.622
1:44:0,2.619
1:44:4,2.622
1:44:8,2.622
1:44:12,2.622
1:44:16,2.622
1:44:20,2.622
1:44:24,2.622
1:44:28,2.622
1:44:32,2.622
1:44:36,2.622
1:44:40,2.622
1:44:44,2.622
1:44:48,2.622
1:44:52,2.622
1:44:56,2.622
1:45:0,2.622
1:45:4,2.622
1:45:8,2.622
1:45:12,2.622
1:45:16,2.622
1:45:20,2.622
1:45:24,2.622
1:45:28,2.622
1:45:32,2.622
1:45:36,2.622
1:45:40,2.622
1:45:44,2.622
1:45:48,2.622
1:45:52,2.622
1:45:56,2.622
1:46:0,2.622
1:46:4,2.622
1:46:8,2.622
1:46:12,2.622
1:46:16,2.622
1:46:20,2.622
1:46:24,2.622
1:46:28,2.622
1:46:32,2.622
1:46:36,2.622
1:46:40,2.622
1:46:44,2.622
1:46:48,2.622
1:46:52,2.622
1:46:56,2.622
1:47:0,2.622
1:47:4,2.622
1:47:8,2.622
1:47:12,2.619
1:47:16,2.622
1:47:20,2.622
1:47:24,2.622
1:47:28,2.622
1:47:32,2.622
1:47:36,2.622
1:47:40,2.622
1:47:44,2.622
1:47:48,2.622
1:47:52,2.622
1:47:56,2.622
1:48:0,2.619
1:48:4,2.622
1:48:8,2.622
1:48:12,2.619
1:48:16,2.622
1:48:20,2.622
1:48:24,2.622
1:48:28,2.622
1:48:32,2.619
1:48:36,2.622
1:48:40,2.622
1:48:44,2.622
1:48:48,2.622
1:48:52,2.622
1:48:56,2.622
1:49:0,2.619
1:49:4,2.622
1:49:8,2.622
1:49:12,2.622
1:49:16,2.622
1:49:20,2.622
1:49:24,2.622
1:49:28,2.622
1:49:32,2.622
1:49:36,2.622
1:49:40,2.622
1:49:44,2.622
1:49:48,2.622
1:49:52,2.622
1:49:56,2.622
1:50:0,2.622
1:50:4,2.622
1:50:8,2.619
1:50:12,2.622
1:50:16,2.619
1:50:20,2.622
1:50:24,2.619
1:50:28,2.622
1:50:32,2.619
1:50:36,2.619
1:50:40,2.619
1:50:44,2.619
1:50:48,2.619
1:50:52,2.619
1:50:56,2.619
1:51:0,2.619
1:51:4,2.619
1:51:8,2.619
1:51:12,2.619
1:51:16,2.619
1:51:20,2.619
1:51:24,2.619
1:51:28,2.619
1:51:32,2.619
1:51:36,2.619
1:51:40,2.622
1:51:44,2.619
1:51:48,2.619
1:51:52,2.619
1:51:56,2.619
1:52:0,2.619
1:52:4,2.619
1:52:8,2.619
1:52:12,2.619
1:52:16,2.619
1:52:20,2.619
1:52:24,2.619
1:52:28,2.619
1:52:32,2.619
1:52:36,2.619
1:52:40,2.619
1:52:44,2.619
1:52:48,2.619
1:52:52,2.619
1:52:56,2.616
1:53:0,2.619
1:53:4,2.619
1:53:8,2.619
1:53:12,2.619
1:53:16,2.619
1:53:20,2.619
1:53:24,2.619
1:53:28,2.619
1:53:32,2.619
1:53:36,2.619
1:53:40,2.619
1:53:44,2.619
1:53:48,2.619
1:53:52,2.616
1:53:56,2.619
1:54:0,2.619
1:54:4,2.619
1:54:8,2.619
1:54:12,2.619
1:54:16,2.619
1:54:20,2.616
1:54:24,2.619
1:54:28,2.619
1:54:32,2.619
1:54:36,2.619
1:54:40,2.619
1:54:44,2.619
1:54:48,2.619
1:54:52,2.619
1:54:56,2.619
1:55:0,2.619
1:55:4,2.619
1:55:8,2.619
1:55:12,2.616
1:55:16,2.619
1:55:20,2.619
1:55:24,2.619
1:55:28,2.619
1:55:32,2.619
1:55:36,2.619
1:55:40,2.619
1:55:44,2.619
1:55:48,2.619
1:55:52,2.619
1:55:56,2.619
1:56:0,2.616
1:56:4,2.619
1:56:8,2.619
1:56:12,2.616
1:56:16,2.619
1:56:20,2.619
1:56:24,2.619
1:56:28,2.619
1:56:32,2.616
1:56:36,2.619
1:56:40,2.619
1:56:44,2.619
1:56:48,2.619
1:56:52,2.616
1:56:56,2.619
1:57:0,2.619
1:57:4,2.619
1:57:8,2.619
1:57:12,2.616
1:57:16,2.616
1:57:20,2.616
1:57:24,2.616
1:57:28,2.616
1:57:32,2.616
1:57:36,2.616
1:57:40,2.616
1:57:44,2.616
1:57:48,2.616
1:57:52,2.616
1:57:56,2.616
1:58:0,2.616
1:58:4,2.616
1:58:8,2.616
1:58:12,2.616
1:58:16,2.616
1:58:20,2.616
1:58:24,2.616
1:58:28,2.616
1:58:32,2.616
1:58:36,2.616
1:58:40,2.616
1:58:44,2.616
1:58:48,2.616
1:58:52,2.616
1:58:56,2.616
1:59:0,2.616
1:59:4,2.616
1:59:8,2.616
1:59:12,2.616
1:59:16,2.616
1:59:20,2.616
1:59:24,2.616
1:59:28,2.616
1:59:32,2.616
1:59:36,2.616
1:59:40,2.616
1:59:44,2.616
1:59:48,2.616
1:59:52,2.616
1:59:56,2.616
2:0:0,2.616
2:0:4,2.616
2:0:8,2.616
2:0:12,2.616
2:0:16,2.616
2:0:20,2.616
2:0:24,2.616
2:0:28,2.616
2:0:32,2.616
2:0:36,2.616
2:0:40,2.616
2:0:44,2.616
2:0:48,2.616
2:0:52,2.616
2:0:56,2.616
2:1:0,2.616
2:1:4,2.616
2:1:8,2.616
2:1:12,2.616
2:1:16,2.616
2:1:20,2.613
2:1:24,2.616
2:1:28,2.613
2:1:32,2.616
2:1:36,2.616
2:1:40,2.616
2:1:44,2.616
2:1:48,2.613
2:1:52,2.616
2:1:56,2.616
2:2:0,2.616
2:2:4,2.616
2:2:8,2.613
2:2:12,2.616
2:2:16,2.616
2:2:20,2.616
2:2:24,2.616
2:2:28,2.616
2:2:32,2.616
2:2:36,2.616
2:2:40,2.613
2:2:44,2.616
2:2:48,2.616
2:2:52,2.616
2:2:56,2.616
2:3:0,2.616
2:3:4,2.616
2:3:8,2.613
2:3:12,2.616
2:3:16,2.616
2:3:20,2.616
2:3:24,2.616
2:3:28,2.616
2:3:32,2.616
2:3:36,2.616
2:3:40,2.616
2:3:44,2.613
2:3:48,2.613
2:3:52,2.616
2:3:56,2.616
2:4:0,2.616
2:4:4,2.616
2:4:8,2.613
2:4:12,2.616
2:4:16,2.613
2:4:20,2.616
2:4:24,2.613
2:4:28,2.616
2:4:32,2.616
2:4:36,2.616
2:4:40,2.613
2:4:44,2.613
2:4:48,2.616
2:4:52,2.616
2:4:56,2.613
2:5:0,2.616
2:5:4,2.613
2:5:8,2.616
2:5:12,2.613
2:5:16,2.613
2:5:20,2.613
2:5:24,2.61
2:5:28,2.616
2:5:32,2.613
2:5:36,2.613
2:5:40,2.613
2:5:44,2.613
2:5:48,2.613
2:5:52,2.613
2:5:56,2.613
2:6:0,2.613
2:6:4,2.613
2:6:8,2.613
2:6:12,2.613
2:6:16,2.61
2:6:20,2.61
2:6:24,2.61
2:6:28,2.607
2:6:32,2.616
2:6:36,2.613
2:6:40,2.613
2:6:44,2.61
2:6:48,2.616
2:6:52,2.61
2:6:56,2.613
2:7:0,2.607
2:7:4,2.61
2:7:8,2.61
2:7:12,2.61
2:7:16,2.613
2:7:20,2.61
2:7:24,2.607
2:7:28,2.613
2:7:32,2.61
2:7:36,2.607
2:7:40,2.613
2:7:44,2.61
2:7:48,2.61
2:7:52,2.61
2:7:56,2.61
2:8:0,2.607
2:8:4,2.607
2:8:8,2.61
2:8:12,2.607
2:8:16,2.61
2:8:20,2.61
2:8:24,2.607
2:8:28,2.613
2:8:32,2.607
2:8:36,2.607
2:8:40,2.61
2:8:44,2.607
2:8:48,2.61
2:8:52,2.607
2:8:56,2.61
2:9:0,2.607
2:9:4,2.607
2:9:8,2.607
2:9:12,2.607
2:9:16,2.607
2:9:20,2.607
2:9:24,2.607
2:9:28,2.607
2:9:32,2.607
2:9:36,2.607
2:9:40,2.607
2:9:44,2.607
2:9:48,2.607
2:9:52,2.607
2:9:56,2.607
2:10:0,2.607
2:10:4,2.607
2:10:8,2.607
2:10:12,2.607
2:10:16,2.607
2:10:20,2.607
2:10:24,2.607
2:10:28,2.607
2:10:32,2.607
2:10:36,2.607
2:10:40,2.607
2:10:44,2.607
2:10:48,2.607
2:10:52,2.607
2:10:56,2.607
2:11:0,2.607
2:11:4,2.607
2:11:8,2.607
2:11:12,2.607
2:11:16,2.607
2:11:20,2.607
2:11:24,2.607
2:11:28,2.607
2:11:32,2.607
2:11:36,2.607
2:11:40,2.607
2:11:44,2.607
2:11:48,2.607
2:11:52,2.607
2:11:56,2.607
2:12:0,2.607
2:12:4,2.607
2:12:8,2.607
2:12:12,2.607
2:12:16,2.607
2:12:20,2.607
2:12:24,2.607
2:12:28,2.607
2:12:32,2.607
2:12:36,2.607
2:12:40,2.607
2:12:44,2.604
2:12:48,2.607
2:12:52,2.607
2:12:56,2.604
2:13:0,2.604
2:13:4,2.604
2:13:8,2.607
2:13:12,2.604
2:13:16,2.604
2:13:20,2.604
2:13:24,2.604
2:13:28,2.604
2:13:32,2.604
2:13:36,2.604
2:13:40,2.604
2:13:44,2.607
2:13:48,2.604
2:13:52,2.607
2:13:56,2.604
2:14:0,2.604
2:14:4,2.607
2:14:8,2.604
2:14:12,2.607
2:14:16,2.607
2:14:20,2.607
2:14:24,2.604
2:14:28,2.607
2:14:32,2.607
2:14:36,2.604
2:14:40,2.607
2:14:44,2.604
2:14:48,2.607
2:14:52,2.604
2:14:56,2.604
2:15:0,2.604
2:15:4,2.604
2:15:8,2.604
2:15:12,2.604
2:15:16,2.604
2:15:20,2.607
2:15:24,2.604
2:15:28,2.604
2:15:32,2.604
2:15:36,2.604
2:15:40,2.604
2:15:44,2.604
2:15:48,2.604
2:15:52,2.604
2:15:56,2.604
2:16:0,2.604
2:16:4,2.604
2:16:8,2.604
2:16:12,2.604
2:16:16,2.604
2:16:20,2.604
2:16:24,2.604
2:16:28,2.604
2:16:32,2.604
2:16:36,2.604
2:16:40,2.604
2:16:44,2.604
2:16:48,2.604
2:16:52,2.604
2:16:56,2.604
2:17:0,2.604
2:17:4,2.604
2:17:8,2.604
2:17:12,2.604
2:17:16,2.604
2:17:20,2.604
2:17:24,2.604
2:17:28,2.604
2:17:32,2.604
2:17:36,2.604
2:17:40,2.604
2:17:44,2.604
2:17:48,2.604
2:17:52,2.604
2:17:56,2.604
2:18:0,2.604
2:18:4,2.604
2:18:8,2.604
2:18:12,2.604
2:18:16,2.604
2:18:20,2.604
2:18:24,2.604
2:18:28,2.604
2:18:32,2.604
2:18:36,2.604
2:18:40,2.604
2:18:44,2.604
2:18:48,2.604
2:18:52,2.604
2:18:56,2.604
2:19:0,2.604
2:19:4,2.604
2:19:8,2.604
2:19:12,2.604
2:19:16,2.604
2:19:20,2.604
2:19:24,2.604
2:19:28,2.604
2:19:32,2.604
2:19:36,2.604
2:19:40,2.604
2:19:44,2.604
2:19:48,2.604
2:19:52,2.604
2:19:56,2.604
2:20:0,2.604
2:20:4,2.604
2:20:8,2.604
2:20:12,2.604
2:20:16,2.604
2:20:20,2.604
2:20:24,2.604
2:20:28,2.604
2:20:32,2.604
2:20:36,2.604
2:20:40,2.604
2:20:44,2.604
2:20:48,2.604
2:20:52,2.604
2:20:56,2.604
2:21:0,2.604
2:21:4,2.604
2:21:8,2.604
2:21:12,2.604
2:21:16,2.604
2:21:20,2.604
2:21:24,2.604
2:21:28,2.604
2:21:32,2.604
2:21:36,2.604
2:21:40,2.604
2:21:44,2.604
2:21:48,2.604
2:21:52,2.604
2:21:56,2.604
2:22:0,2.604
2:22:4,2.604
2:22:8,2.604
2:22:12,2.604
2:22:16,2.604
2:22:20,2.604
2:22:24,2.604
2:22:28,2.604
2:22:32,2.604
2:22:36,2.604
2:22:40,2.604
2:22:44,2.604
2:22:48,2.604
2:22:52,2.604
2:22:56,2.604
2:23:0,2.604
2:23:4,2.604
2:23:8,2.604
2:23:12,2.604
2:23:16,2.604
2:23:20,2.604
2:23:24,2.604
2:23:28,2.604
2:23:32,2.604
2:23:36,2.604
2:23:40,2.604
2:23:44,2.604
2:23:48,2.604
2:23:52,2.602
2:23:56,2.602
2:24:0,2.604
2:24:4,2.604
2:24:8,2.604
2:24:12,2.604
2:24:16,2.604
2:24:20,2.604
2:24:24,2.604
2:24:28,2.602
2:24:32,2.604
2:24:36,2.604
2:24:40,2.602
2:24:44,2.604
2:24:48,2.604
2:24:52,2.604
2:24:56,2.604
2:25:0,2.604
2:25:4,2.604
2:25:8,2.604
2:25:12,2.602
2:25:16,2.604
2:25:20,2.604
2:25:24,2.604
2:25:28,2.602
2:25:32,2.604
2:25:36,2.604
2:25:40,2.604
2:25:44,2.604
2:25:48,2.604
2:25:52,2.604
2:25:56,2.604
2:26:0,2.604
2:26:4,2.604
2:26:8,2.602
2:26:12,2.604
2:26:16,2.604
2:26:20,2.604
2:26:24,2.604
2:26:28,2.602
2:26:32,2.604
2:26:36,2.604
2:26:40,2.604
2:26:44,2.604
2:26:48,2.604
2:26:52,2.604
2:26:56,2.604
2:27:0,2.604
2:27:4,2.602
2:27:8,2.602
2:27:12,2.602
2:27:16,2.602
2:27:20,2.602
2:27:24,2.602
2:27:28,2.602
2:27:32,2.602
2:27:36,2.602
2:27:40,2.604
2:27:44,2.602
2:27:48,2.602
2:27:52,2.604
2:27:56,2.602
2:28:0,2.604
2:28:4,2.602
2:28:8,2.602
2:28:12,2.602
2:28:16,2.602
2:28:20,2.602
2:28:24,2.602
2:28:28,2.602
2:28:32,2.602
2:28:36,2.602
2:28:40,2.602
2:28:44,2.602
2:28:48,2.602
2:28:52,2.602
2:28:56,2.602
2:29:0,2.602
2:29:4,2.602
2:29:8,2.602
2:29:12,2.602
2:29:16,2.602
2:29:20,2.602
2:29:24,2.602
2:29:28,2.602
2:29:32,2.602
2:29:36,2.602
2:29:40,2.602
2:29:44,2.602
2:29:48,2.602
2:29:52,2.602
2:29:56,2.602
2:30:0,2.602
2:30:4,2.602
2:30:8,2.602
2:30:12,2.602
2:30:16,2.602
2:30:20,2.602
2:30:24,2.602
2:30:28,2.602
2:30:32,2.602
2:30:36,2.602
2:30:40,2.602
2:30:44,2.602
2:30:48,2.602
2:30:52,2.602
2:30:56,2.602
2:31:0,2.602
2:31:4,2.602
2:31:8,2.602
2:31:12,2.602
2:31:16,2.602
2:31:20,2.602
2:31:24,2.602
2:31:28,2.602
2:31:32,2.602
2:31:36,2.602
2:31:40,2.602
2:31:44,2.602
2:31:48,2.602
2:31:52,2.602
2:31:56,2.602
2:32:0,2.602
2:32:4,2.602
2:32:8,2.602
2:32:12,2.602
2:32:16,2.602
2:32:20,2.602
2:32:24,2.602
2:32:28,2.602
2:32:32,2.602
2:32:36,2.602
2:32:40,2.602
2:32:44,2.602
2:32:48,2.602
2:32:52,2.602
2:32:56,2.602
2:33:0,2.602
2:33:4,2.602
2:33:8,2.602
2:33:12,2.602
2:33:16,2.602
2:33:20,2.602
2:33:24,2.602
2:33:28,2.602
2:33:32,2.602
2:33:36,2.602
2:33:40,2.602
2:33:44,2.602
2:33:48,2.602
2:33:52,2.602
2:33:56,2.602
2:34:0,2.602
2:34:4,2.602
2:34:8,2.602
2:34:12,2.602
2:34:16,2.602
2:34:20,2.602
2:34:24,2.602
2:34:28,2.602
2:34:32,2.602
2:34:36,2.602
2:34:40,2.602
2:34:44,2.602
2:34:48,2.596
2:34:52,2.602
2:34:56,2.596
2:35:0,2.602
2:35:4,2.602
2:35:8,2.602
2:35:12,2.602
2:35:16,2.602
2:35:20,2.596
2:35:24,2.596
2:35:28,2.596
2:35:32,2.602
2:35:36,2.602
2:35:40,2.602
2:35:44,2.596
2:35:48,2.602
2:35:52,2.596
2:35:56,2.596
2:36:0,2.596
2:36:4,2.596
2:36:8,2.602
2:36:12,2.602
2:36:16,2.596
2:36:20,2.602
2:36:24,2.602
2:36:28,2.602
2:36:32,2.596
2:36:36,2.596
2:36:40,2.602
2:36:44,2.596
2:36:48,2.596
2:36:52,2.596
2:36:56,2.602
2:37:0,2.596
2:37:4,2.596
2:37:8,2.596
2:37:12,2.602
2:37:16,2.596
2:37:20,2.596
2:37:24,2.596
2:37:28,2.602
2:37:32,2.602
2:37:36,2.596
2:37:40,2.596
2:37:44,2.596
2:37:48,2.596
2:37:52,2.596
2:37:56,2.596
2:38:0,2.596
2:38:4,2.596
2:38:8,2.596
2:38:12,2.596
2:38:16,2.596
2:38:20,2.596
2:38:24,2.596
2:38:28,2.596
2:38:32,2.596
2:38:36,2.596
2:38:40,2.596
2:38:44,2.596
2:38:48,2.596
2:38:52,2.596
2:38:56,2.596
2:39:0,2.596
2:39:4,2.596
2:39:8,2.596
2:39:12,2.596
2:39:16,2.596
2:39:20,2.596
2:39:24,2.596
2:39:28,2.596
2:39:32,2.596
2:39:36,2.596
2:39:40,2.596
2:39:44,2.596
2:39:48,2.596
2:39:52,2.596
2:39:56,2.596
2:40:0,2.596
2:40:4,2.596
2:40:8,2.596
2:40:12,2.596
2:40:16,2.596
2:40:20,2.596
2:40:24,2.596
2:40:28,2.596
2:40:32,2.596
2:40:36,2.596
2:40:40,2.596
2:40:44,2.596
2:40:48,2.596
2:40:52,2.596
2:40:56,2.596
2:41:0,2.596
2:41:4,2.596
2:41:8,2.596
2:41:12,2.596
2:41:16,2.596
2:41:20,2.596
2:41:24,2.596
2:41:28,2.596
2:41:32,2.596
2:41:36,2.596
2:41:40,2.596
2:41:44,2.596
2:41:48,2.596
2:41:52,2.596
2:41:56,2.596
2:42:0,2.596
2:42:4,2.596
2:42:8,2.596
2:42:12,2.596
2:42:16,2.596
2:42:20,2.596
2:42:24,2.596
2:42:28,2.596
2:42:32,2.596
2:42:36,2.596
2:42:40,2.596
2:42:44,2.596
2:42:48,2.596
2:42:52,2.596
2:42:56,2.596
2:43:0,2.596
2:43:4,2.596
2:43:8,2.596
2:43:12,2.596
2:43:16,2.596
2:43:20,2.596
2:43:24,2.596
2:43:28,2.596
2:43:32,2.593
2:43:36,2.596
2:43:40,2.596
2:43:44,2.596
2:43:48,2.596
2:43:52,2.596
2:43:56,2.596
2:44:0,2.596
2:44:4,2.596
2:44:8,2.596
2:44:12,2.593
2:44:16,2.596
2:44:20,2.596
2:44:24,2.596
2:44:28,2.596
2:44:32,2.596
2:44:36,2.596
2:44:40,2.596
2:44:44,2.596
2:44:48,2.596
2:44:52,2.596
2:44:56,2.596
2:45:0,2.596
2:45:4,2.596
2:45:8,2.596
2:45:12,2.596
2:45:16,2.593
2:45:20,2.596
2:45:24,2.596
2:45:28,2.593
2:45:32,2.593
2:45:36,2.593
2:45:40,2.593
2:45:44,2.596
2:45:48,2.593
2:45:52,2.596
2:45:56,2.593
2:46:0,2.593
2:46:4,2.593
2:46:8,2.593
2:46:12,2.596
2:46:16,2.596
2:46:20,2.593
2:46:24,2.596
2:46:28,2.593
2:46:32,2.593
2:46:36,2.593
2:46:40,2.593
2:46:44,2.593
2:46:48,2.593
2:46:52,2.593
2:46:56,2.593
2:47:0,2.593
2:47:4,2.593
2:47:8,2.593
2:47:12,2.593
2:47:16,2.593
2:47:20,2.593
2:47:24,2.593
2:47:28,2.593
2:47:32,2.593
2:47:36,2.593
2:47:40,2.593
2:47:44,2.593
2:47:48,2.593
2:47:52,2.593
2:47:56,2.593
2:48:0,2.593
2:48:4,2.593
2:48:8,2.593
2:48:12,2.593
2:48:16,2.593
2:48:20,2.593
2:48:24,2.593
2:48:28,2.593
2:48:32,2.593
2:48:36,2.593
2:48:40,2.593
2:48:44,2.593
2:48:48,2.593
2:48:52,2.593
2:48:56,2.593
2:49:0,2.593
2:49:4,2.593
2:49:8,2.593
2:49:12,2.593
2:49:16,2.593
2:49:20,2.593
2:49:24,2.593
2:49:28,2.593
2:49:32,2.593
2:49:36,2.593
2:49:40,2.593
2:49:44,2.593
2:49:48,2.593
2:49:52,2.593
2:49:56,2.593
2:50:0,2.593
2:50:4,2.593
2:50:8,2.593
2:50:12,2.593
2:50:16,2.593
2:50:20,2.593
2:50:24,2.593
2:50:28,2.593
2:50:32,2.593
2:50:36,2.593
2:50:40,2.593
2:50:44,2.593
2:50:48,2.593
2:50:52,2.593
2:50:56,2.593
2:51:0,2.593
2:51:4,2.593
2:51:8,2.593
2:51:12,2.593
2:51:16,2.593
2:51:20,2.593
2:51:24,2.593
2:51:28,2.593
2:51:32,2.593
2:51:36,2.593
2:51:40,2.593
2:51:44,2.593
2:51:48,2.593
2:51:52,2.593
2:51:56,2.593
2:52:0,2.593
2:52:4,2.593
2:52:8,2.593
2:52:12,2.593
2:52:16,2.593
2:52:20,2.593
2:52:24,2.593
2:52:28,2.593
2:52:32,2.593
2:52:36,2.593
2:52:40,2.593
2:52:44,2.593
2:52:48,2.593
2:52:52,2.593
2:52:56,2.593
2:53:0,2.593
2:53:4,2.593
2:53:8,2.593
2:53:12,2.593
2:53:16,2.593
2:53:20,2.593
2:53:24,2.593
2:53:28,2.593
2:53:32,2.593
2:53:36,2.59
2:53:40,2.593
2:53:44,2.593
2:53:48,2.593
2:53:52,2.593
2:53:56,2.59
2:54:0,2.593
2:54:4,2.59
2:54:8,2.593
2:54:12,2.593
2:54:16,2.593
2:54:20,2.593
2:54:24,2.593
2:54:28,2.593
2:54:32,2.593
2:54:36,2.593
2:54:40,2.593
2:54:44,2.593
2:54:48,2.593
2:54:52,2.593
2:54:56,2.593
2:55:0,2.593
2:55:4,2.59
2:55:8,2.593
2:55:12,2.59
2:55:16,2.59
2:55:20,2.593
2:55:24,2.59
2:55:28,2.59
2:55:32,2.593
2:55:36,2.59
2:55:40,2.59
2:55:44,2.593
2:55:48,2.59
2:55:52,2.59
2:55:56,2.59
2:56:0,2.593
2:56:4,2.59
2:56:8,2.59
2:56:12,2.593
2:56:16,2.59
2:56:20,2.59
2:56:24,2.59
2:56:28,2.59
2:56:32,2.593
2:56:36,2.59
2:56:40,2.59
2:56:44,2.59
2:56:48,2.593
2:56:52,2.59
2:56:56,2.59
2:57:0,2.593
2:57:4,2.59
2:57:8,2.59
2:57:12,2.593
2:57:16,2.59
2:57:20,2.59
2:57:24,2.59
2:57:28,2.59
2:57:32,2.59
2:57:36,2.59
2:57:40,2.59
2:57:44,2.59
2:57:48,2.593
2:57:52,2.59
2:57:56,2.59
2:58:0,2.59
2:58:4,2.59
2:58:8,2.59
2:58:12,2.59
2:58:16,2.59
2:58:20,2.59
2:58:24,2.59
2:58:28,2.59
2:58:32,2.59
2:58:36,2.59
2:58:40,2.59
2:58:44,2.59
2:58:48,2.59
2:58:52,2.59
2:58:56,2.59
2:59:0,2.59
2:59:4,2.59
2:59:8,2.59
2:59:12,2.59
2:59:16,2.59
2:59:20,2.59
2:59:24,2.59
2:59:28,2.59
2:59:32,2.59
2:59:36,2.59
2:59:40,2.59
2:59:44,2.59
2:59:48,2.59
2:59:52,2.59
2:59:56,2.59
3:0:0,2.59
3:0:4,2.59
3:0:8,2.59
3:0:12,2.59
3:0:16,2.59
3:0:20,2.59
3:0:24,2.59
3:0:28,2.59
3:0:32,2.59
3:0:36,2.59
3:0:40,2.59
3:0:44,2.59
3:0:48,2.59
3:0:52,2.59
3:0:56,2.59
3:1:0,2.59
3:1:4,2.59
3:1:8,2.59
3:1:12,2.59
3:1:16,2.59
3:1:20,2.59
3:1:24,2.59
3:1:28,2.59
3:1:32,2.59
3:1:36,2.59
3:1:40,2.59
3:1:44,2.59
3:1:48,2.59
3:1:52,2.59
3:1:56,2.59
3:2:0,2.59
3:2:4,2.59
3:2:8,2.59
3:2:12,2.59
3:2:16,2.59
3:2:20,2.59
3:2:24,2.59
3:2:28,2.59
3:2:32,2.59
3:2:36,2.59
3:2:40,2.59
3:2:44,2.59
3:2:48,2.59
3:2:52,2.59
3:2:56,2.587
3:3:0,2.59
3:3:4,2.59
3:3:8,2.59
3:3:12,2.59
3:3:16,2.59
3:3:20,2.59
3:3:24,2.587
3:3:28,2.587
3:3:32,2.587
3:3:36,2.587
3:3:40,2.59
3:3:44,2.59
3:3:48,2.587
3:3:52,2.59
3:3:56,2.587
3:4:0,2.587
3:4:4,2.587
3:4:8,2.587
3:4:12,2.587
3:4:16,2.587
3:4:20,2.587
3:4:24,2.59
3:4:28,2.59
3:4:32,2.587
3:4:36,2.587
3:4:40,2.587
3:4:44,2.587
3:4:48,2.587
3:4:52,2.59
3:4:56,2.587
3:5:0,2.587
3:5:4,2.587
3:5:8,2.587
3:5:12,2.587
3:5:16,2.587
3:5:20,2.587
3:5:24,2.587
3:5:28,2.587
3:5:32,2.59
3:5:36,2.587
3:5:40,2.587
3:5:44,2.587
3:5:48,2.587
3:5:52,2.587
3:5:56,2.587
3:6:0,2.587
3:6:4,2.587
3:6:8,2.587
3:6:12,2.587
3:6:16,2.587
3:6:20,2.587
3:6:24,2.587
3:6:28,2.587
3:6:32,2.587
3:6:36,2.587
3:6:40,2.587
3:6:44,2.587
3:6:48,2.587
3:6:52,2.587
3:6:56,2.587
3:7:0,2.587
3:7:4,2.587
3:7:8,2.587
3:7:12,2.587
3:7:16,2.587
3:7:20,2.587
3:7:24,2.587
3:7:28,2.587
3:7:32,2.587
3:7:36,2.587
3:7:40,2.587
3:7:44,2.587
3:7:48,2.587
3:7:52,2.587
3:7:56,2.587
3:8:0,2.587
3:8:4,2.587
3:8:8,2.587
3:8:12,2.587
3:8:16,2.587
3:8:20,2.584
3:8:24,2.587
3:8:28,2.587
3:8:32,2.587
3:8:36,2.587
3:8:40,2.587
3:8:44,2.587
3:8:48,2.587
3:8:52,2.587
3:8:56,2.587
3:9:0,2.587
3:9:4,2.587
3:9:8,2.587
3:9:12,2.587
3:9:16,2.587
3:9:20,2.587
3:9:24,2.587
3:9:28,2.587
3:9:32,2.587
3:9:36,2.584
3:9:40,2.587
3:9:44,2.584
3:9:48,2.587
3:9:52,2.587
3:9:56,2.587
3:10:0,2.587
3:10:4,2.587
3:10:8,2.587
3:10:12,2.587
3:10:16,2.587
3:10:20,2.587
3:10:24,2.584
3:10:28,2.587
3:10:32,2.584
3:10:36,2.584
3:10:40,2.587
3:10:44,2.587
3:10:48,2.584
3:10:52,2.587
3:10:56,2.587
3:11:0,2.584
3:11:4,2.587
3:11:8,2.584
3:11:12,2.587
3:11:16,2.584
3:11:20,2.584
3:11:24,2.584
3:11:28,2.584
3:11:32,2.584
3:11:36,2.584
3:11:40,2.584
3:11:44,2.584
3:11:48,2.584
3:11:52,2.584
3:11:56,2.584
3:12:0,2.584
3:12:4,2.584
3:12:8,2.584
3:12:12,2.584
3:12:16,2.584
3:12:20,2.581
3:12:24,2.584
3:12:28,2.584
3:12:32,2.584
3:12:36,2.584
3:12:40,2.584
3:12:44,2.584
3:12:48,2.581
3:12:52,2.581
3:12:56,2.584
3:13:0,2.584
3:13:4,2.584
3:13:8,2.584
3:13:12,2.581
3:13:16,2.584
3:13:20,2.581
3:13:24,2.584
3:13:28,2.581
3:13:32,2.581
3:13:36,2.581
3:13:40,2.581
3:13:44,2.581
3:13:48,2.581
3:13:52,2.581
3:13:56,2.581
3:14:0,2.581
3:14:4,2.581
3:14:8,2.581
3:14:12,2.581
3:14:16,2.584
3:14:20,2.581
3:14:24,2.581
3:14:28,2.581
3:14:32,2.581
3:14:36,2.581
3:14:40,2.581
3:14:44,2.581
3:14:48,2.581
3:14:52,2.581
3:14:56,2.581
3:15:0,2.581
3:15:4,2.581
3:15:8,2.581
3:15:12,2.581
3:15:16,2.581
3:15:20,2.581
3:15:24,2.581
3:15:28,2.581
3:15:32,2.581
3:15:36,2.581
3:15:40,2.581
3:15:44,2.581
3:15:48,2.581
3:15:52,2.581
3:15:56,2.581
3:16:0,2.581
3:16:4,2.581
3:16:8,2.581
3:16:12,2.581
3:16:16,2.581
3:16:20,2.581
3:16:24,2.581
3:16:28,2.581
3:16:32,2.581
3:16:36,2.581
3:16:40,2.581
3:16:44,2.581
3:16:48,2.578
3:16:52,2.581
3:16:56,2.581
3:17:0,2.581
3:17:4,2.581
3:17:8,2.581
3:17:12,2.581
3:17:16,2.581
3:17:20,2.581
3:17:24,2.581
3:17:28,2.581
3:17:32,2.578
3:17:36,2.578
3:17:40,2.581
3:17:44,2.578
3:17:48,2.581
3:17:52,2.581
3:17:56,2.581
3:18:0,2.581
3:18:4,2.581
3:18:8,2.581
3:18:12,2.581
3:18:16,2.581
3:18:20,2.581
3:18:24,2.581
3:18:28,2.578
3:18:32,2.578
3:18:36,2.578
3:18:40,2.578
3:18:44,2.581
3:18:48,2.578
3:18:52,2.578
3:18:56,2.578
3:19:0,2.578
3:19:4,2.578
3:19:8,2.578
3:19:12,2.578
3:19:16,2.578
3:19:20,2.581
3:19:24,2.578
3:19:28,2.578
3:19:32,2.578
3:19:36,2.578
3:19:40,2.578
3:19:44,2.581
3:19:48,2.578
3:19:52,2.578
3:19:56,2.578
3:20:0,2.578
3:20:4,2.578
3:20:8,2.578
3:20:12,2.578
3:20:16,2.578
3:20:20,2.578
3:20:24,2.578
3:20:28,2.578
3:20:32,2.578
3:20:36,2.578
3:20:40,2.578
3:20:44,2.578
3:20:48,2.578
3:20:52,2.578
3:20:56,2.578
3:21:0,2.578
3:21:4,2.578
3:21:8,2.578
3:21:12,2.578
3:21:16,2.578
3:21:20,2.578
3:21:24,2.578
3:21:28,2.578
3:21:32,2.578
3:21:36,2.578
3:21:40,2.578
3:21:44,2.578
3:21:48,2.578
3:21:52,2.578
3:21:56,2.578
3:22:0,2.578
3:22:4,2.578
3:22:8,2.578
3:22:12,2.578
3:22:16,2.578
3:22:20,2.578
3:22:24,2.578
3:22:28,2.578
3:22:32,2.578
3:22:36,2.578
3:22:40,2.578
3:22:44,2.578
3:22:48,2.578
3:22:52,2.578
3:22:56,2.578
3:23:0,2.578
3:23:4,2.578
3:23:8,2.578
3:23:12,2.578
3:23:16,2.578
3:23:20,2.578
3:23:24,2.578
3:23:28,2.578
3:23:32,2.578
3:23:36,2.578
3:23:40,2.578
3:23:44,2.578
3:23:48,2.578
3:23:52,2.578
3:23:56,2.578
3:24:0,2.575
3:24:4,2.578
3:24:8,2.575
3:24:12,2.578
3:24:16,2.578
3:24:20,2.578
3:24:24,2.575
3:24:28,2.578
3:24:32,2.575
3:24:36,2.575
3:24:40,2.575
3:24:44,2.575
3:24:48,2.578
3:24:52,2.578
3:24:56,2.578
3:25:0,2.575
3:25:4,2.575
3:25:8,2.578
3:25:12,2.575
3:25:16,2.575
3:25:20,2.578
3:25:24,2.575
3:25:28,2.575
3:25:32,2.575
3:25:36,2.578
3:25:40,2.578
3:25:44,2.575
3:25:48,2.575
3:25:52,2.575
3:25:56,2.578
3:26:0,2.578
3:26:4,2.575
3:26:8,2.575
3:26:12,2.575
3:26:16,2.575
3:26:20,2.575
3:26:24,2.575
3:26:28,2.575
3:26:32,2.575
3:26:36,2.575
3:26:40,2.575
3:26:44,2.575
3:26:48,2.575
3:26:52,2.575
3:26:56,2.575
3:27:0,2.575
3:27:4,2.575
3:27:8,2.575
3:27:12,2.575
3:27:16,2.575
3:27:20,2.575
3:27:24,2.575
3:27:28,2.575
3:27:32,2.575
3:27:36,2.575
3:27:40,2.575
3:27:44,2.575
3:27:48,2.575
3:27:52,2.575
3:27:56,2.575
3:28:0,2.575
3:28:4,2.575
3:28:8,2.575
3:28:12,2.575
3:28:16,2.575
3:28:20,2.575
3:28:24,2.575
3:28:28,2.575
3:28:32,2.575
3:28:36,2.575
3:28:40,2.575
3:28:44,2.575
3:28:48,2.575
3:28:52,2.575
3:28:56,2.575
3:29:0,2.575
3:29:4,2.575
3:29:8,2.575
3:29:12,2.575
3:29:16,2.575
3:29:20,2.575
3:29:24,2.575
3:29:28,2.575
3:29:32,2.572
3:29:36,2.575
3:29:40,2.575
3:29:44,2.575
3:29:48,2.575
3:29:52,2.575
3:29:56,2.575
3:30:0,2.575
3:30:4,2.575
3:30:8,2.575
3:30:12,2.575
3:30:16,2.575
3:30:20,2.575
3:30:24,2.575
3:30:28,2.575
3:30:32,2.575
3:30:36,2.575
3:30:40,2.575
3:30:44,2.575
3:30:48,2.575
3:30:52,2.575
3:30:56,2.575
3:31:0,2.575
3:31:4,2.575
3:31:8,2.572
3:31:12,2.572
3:31:16,2.575
3:31:20,2.572
3:31:24,2.575
3:31:28,2.575
3:31:32,2.575
3:31:36,2.575
3:31:40,2.575
3:31:44,2.575
3:31:48,2.572
3:31:52,2.572
3:31:56,2.575
3:32:0,2.575
3:32:4,2.572
3:32:8,2.572
3:32:12,2.572
3:32:16,2.572
3:32:20,2.572
3:32:24,2.572
3:32:28,2.572
3:32:32,2.572
3:32:36,2.572
3:32:40,2.572
3:32:44,2.572
3:32:48,2.572
3:32:52,2.572
3:32:56,2.572
3:33:0,2.572
3:33:4,2.572
3:33:8,2.572
3:33:12,2.572
3:33:16,2.572
3:33:20,2.572
3:33:24,2.572
3:33:28,2.572
3:33:32,2.572
3:33:36,2.572
3:33:40,2.572
3:33:44,2.572
3:33:48,2.572
3:33:52,2.572
3:33:56,2.569
3:34:0,2.572
3:34:4,2.572
3:34:8,2.572
3:34:12,2.572
3:34:16,2.572
3:34:20,2.572
3:34:24,2.572
3:34:28,2.572
3:34:32,2.572
3:34:36,2.572
3:34:40,2.572
3:34:44,2.572
3:34:48,2.572
3:34:52,2.572
3:34:56,2.572
3:35:0,2.572
3:35:4,2.569
3:35:8,2.572
3:35:12,2.572
3:35:16,2.569
3:35:20,2.572
3:35:24,2.572
3:35:28,2.572
3:35:32,2.572
3:35:36,2.572
3:35:40,2.572
3:35:44,2.572
3:35:48,2.569
3:35:52,2.569
3:35:56,2.569
3:36:0,2.569
3:36:4,2.569
3:36:8,2.569
3:36:12,2.572
3:36:16,2.569
3:36:20,2.572
3:36:24,2.569
3:36:28,2.572
3:36:32,2.569
3:36:36,2.569
3:36:40,2.569
3:36:44,2.572
3:36:48,2.569
3:36:52,2.569
3:36:56,2.572
3:37:0,2.569
3:37:4,2.569
3:37:8,2.569
3:37:12,2.569
3:37:16,2.569
3:37:20,2.569
3:37:24,2.569
3:37:28,2.569
3:37:32,2.569
3:37:36,2.569
3:37:40,2.569
3:37:44,2.569
3:37:48,2.569
3:37:52,2.569
3:37:56,2.566
3:38:0,2.569
3:38:4,2.569
3:38:8,2.569
3:38:12,2.569
3:38:16,2.569
3:38:20,2.569
3:38:24,2.569
3:38:28,2.566
3:38:32,2.569
3:38:36,2.566
3:38:40,2.569
3:38:44,2.566
3:38:48,2.566
3:38:52,2.566
3:38:56,2.566
3:39:0,2.569
3:39:4,2.569
3:39:8,2.566
3:39:12,2.566
3:39:16,2.566
3:39:20,2.569
3:39:24,2.566
3:39:28,2.566
3:39:32,2.566
3:39:36,2.569
3:39:40,2.566
3:39:44,2.566
3:39:48,2.566
3:39:52,2.566
3:39:56,2.569
3:40:0,2.566
3:40:4,2.566
3:40:8,2.566
3:40:12,2.566
3:40:16,2.566
3:40:20,2.566
3:40:24,2.566
3:40:28,2.566
3:40:32,2.566
3:40:36,2.566
3:40:40,2.566
3:40:44,2.566
3:40:48,2.566
3:40:52,2.566
3:40:56,2.566
3:41:0,2.566
3:41:4,2.566
3:41:8,2.566
3:41:12,2.566
3:41:16,2.566
3:41:20,2.566
3:41:24,2.566
3:41:28,2.566
3:41:32,2.566
3:41:36,2.566
3:41:40,2.566
3:41:44,2.566
3:41:48,2.566
3:41:52,2.566
3:41:56,2.566
3:42:0,2.566
3:42:4,2.566
3:42:8,2.566
3:42:12,2.566
3:42:16,2.566
3:42:20,2.566
3:42:24,2.566
3:42:28,2.566
3:42:32,2.566
3:42:36,2.566
3:42:40,2.566
3:42:44,2.566
3:42:48,2.566
3:42:52,2.566
3:42:56,2.566
3:43:0,2.566
3:43:4,2.566
3:43:8,2.566
3:43:12,2.566
3:43:16,2.566
3:43:20,2.561
3:43:24,2.566
3:43:28,2.566
3:43:32,2.566
3:43:36,2.561
3:43:40,2.566
3:43:44,2.566
3:43:48,2.561
3:43:52,2.566
3:43:56,2.566
3:44:0,2.561
3:44:4,2.561
3:44:8,2.561
3:44:12,2.561
3:44:16,2.566
3:44:20,2.561
3:44:24,2.561
3:44:28,2.561
3:44:32,2.561
3:44:36,2.561
3:44:40,2.561
3:44:44,2.561
3:44:48,2.561
3:44:52,2.561
3:44:56,2.561
3:45:0,2.561
3:45:4,2.561
3:45:8,2.561
3:45:12,2.561
3:45:16,2.561
3:45:20,2.561
3:45:24,2.561
3:45:28,2.561
3:45:32,2.561
3:45:36,2.561
3:45:40,2.561
3:45:44,2.561
3:45:48,2.561
3:45:52,2.561
3:45:56,2.561
3:46:0,2.561
3:46:4,2.561
3:46:8,2.561
3:46:12,2.561
3:46:16,2.561
3:46:20,2.561
3:46:24,2.561
3:46:28,2.561
3:46:32,2.561
3:46:36,2.561
3:46:40,2.561
3:46:44,2.561
3:46:48,2.561
3:46:52,2.561
3:46:56,2.561
3:47:0,2.561
3:47:4,2.561
3:47:8,2.561
3:47:12,2.561
3:47:16,2.561
3:47:20,2.561
3:47:24,2.561
3:47:28,2.561
3:47:32,2.561
3:47:36,2.561
3:47:40,2.561
3:47:44,2.561
3:47:48,2.561
3:47:52,2.561
3:47:56,2.558
3:48:0,2.561
3:48:4,2.558
3:48:8,2.561
3:48:12,2.561
3:48:16,2.561
3:48:20,2.558
3:48:24,2.558
3:48:28,2.561
3:48:32,2.561
3:48:36,2.558
3:48:40,2.561
3:48:44,2.558
3:48:48,2.561
3:48:52,2.558
3:48:56,2.561
3:49:0,2.558
3:49:4,2.561
3:49:8,2.558
3:49:12,2.558
3:49:16,2.558
3:49:20,2.558
3:49:24,2.558
3:49:28,2.561
3:49:32,2.558
3:49:36,2.558
3:49:40,2.558
3:49:44,2.558
3:49:48,2.558
3:49:52,2.558
3:49:56,2.558
3:50:0,2.558
3:50:4,2.558
3:50:8,2.558
3:50:12,2.558
3:50:16,2.558
3:50:20,2.558
3:50:24,2.558
3:50:28,2.558
3:50:32,2.558
3:50:36,2.558
3:50:40,2.558
3:50:44,2.558
3:50:48,2.558
3:50:52,2.558
3:50:56,2.558
3:51:0,2.558
3:51:4,2.558
3:51:8,2.558
3:51:12,2.558
3:51:16,2.558
3:51:20,2.558
3:51:24,2.558
3:51:28,2.558
3:51:32,2.558
3:51:36,2.558
3:51:40,2.558
3:51:44,2.555
3:51:48,2.558
3:51:52,2.555
3:51:56,2.558
3:52:0,2.558
3:52:4,2.558
3:52:8,2.558
3:52:12,2.555
3:52:16,2.558
3:52:20,2.555
3:52:24,2.555
3:52:28,2.555
3:52:32,2.555
3:52:36,2.555
3:52:40,2.555
3:52:44,2.555
3:52:48,2.558
3:52:52,2.555
3:52:56,2.555
3:53:0,2.555
3:53:4,2.555
3:53:8,2.555
3:53:12,2.555
3:53:16,2.555
3:53:20,2.555
3:53:24,2.555
3:53:28,2.552
3:53:32,2.552
3:53:36,2.552
3:53:40,2.552
3:53:44,2.552
3:53:48,2.555
3:53:52,2.555
3:53:56,2.555
3:54:0,2.555
3:54:4,2.555
3:54:8,2.552
3:54:12,2.552
3:54:16,2.552
3:54:20,2.552
3:54:24,2.552
3:54:28,2.552
3:54:32,2.552
3:54:36,2.552
3:54:40,2.552
3:54:44,2.555
3:54:48,2.552
3:54:52,2.552
3:54:56,2.552
3:55:0,2.552
3:55:4,2.552
3:55:8,2.552
3:55:12,2.552
3:55:16,2.552
3:55:20,2.552
3:55:24,2.552
3:55:28,2.552
3:55:32,2.552
3:55:36,2.552
3:55:40,2.552
3:55:44,2.552
3:55:48,2.552
3:55:52,2.552
3:55:56,2.552
3:56:0,2.552
3:56:4,2.552
3:56:8,2.552
3:56:12,2.552
3:56:16,2.552
3:56:20,2.552
3:56:24,2.552
3:56:28,2.552
3:56:32,2.552
3:56:36,2.552
3:56:40,2.552
3:56:44,2.552
3:56:48,2.549
3:56:52,2.552
3:56:56,2.552
3:57:0,2.552
3:57:4,2.552
3:57:8,2.549
3:57:12,2.549
3:57:16,2.552
3:57:20,2.549
3:57:24,2.549
3:57:28,2.549
3:57:32,2.549
3:57:36,2.549
3:57:40,2.549
3:57:44,2.549
3:57:48,2.552
3:57:52,2.549
3:57:56,2.549
3:58:0,2.549
3:58:4,2.549
3:58:8,2.549
3:58:12,2.549
3:58:16,2.549
3:58:20,2.549
3:58:24,2.549
3:58:28,2.549
3:58:32,2.549
3:58:36,2.549
3:58:40,2.549
3:58:44,2.549
3:58:48,2.549
3:58:52,2.549
3:58:56,2.549
3:59:0,2.549
3:59:4,2.549
3:59:8,2.549
3:59:12,2.549
3:59:16,2.549
3:59:20,2.549
3:59:24,2.549
3:59:28,2.549
3:59:32,2.549
3:59:36,2.549
3:59:40,2.549
3:59:44,2.549
3:59:48,2.549
3:59:52,2.549
3:59:56,2.549
4:0:0,2.549
4:0:4,2.546
4:0:8,2.549
4:0:12,2.549
4:0:16,2.549
4:0:20,2.546
4:0:24,2.546
4:0:28,2.546
4:0:32,2.546
4:0:36,2.546
4:0:40,2.546
4:0:44,2.546
4:0:48,2.546
4:0:52,2.546
4:0:56,2.546
4:1:0,2.546
4:1:4,2.546
4:1:8,2.546
4:1:12,2.549
4:1:16,2.546
4:1:20,2.546
4:1:24,2.546
4:1:28,2.546
4:1:32,2.546
4:1:36,2.546
4:1:40,2.546
4:1:44,2.546
4:1:48,2.546
4:1:52,2.546
4:1:56,2.546
4:2:0,2.546
4:2:4,2.546
4:2:8,2.546
4:2:12,2.546
4:2:16,2.546
4:2:20,2.546
4:2:24,2.546
4:2:28,2.546
4:2:32,2.546
4:2:36,2.546
4:2:40,2.546
4:2:44,2.546
4:2:48,2.546
4:2:52,2.546
4:2:56,2.546
4:3:0,2.546
4:3:4,2.546
4:3:8,2.546
4:3:12,2.546
4:3:16,2.546
4:3:20,2.546
4:3:24,2.546
4:3:28,2.546
4:3:32,2.546
4:3:36,2.546
4:3:40,2.546
4:3:44,2.546
4:3:48,2.546
4:3:52,2.546
4:3:56,2.546
4:4:0,2.546
4:4:4,2.546
4:4:8,2.543
4:4:12,2.543
4:4:16,2.543
4:4:20,2.546
4:4:24,2.546
4:4:28,2.546
4:4:32,2.546
4:4:36,2.546
4:4:40,2.546
4:4:44,2.543
4:4:48,2.543
4:4:52,2.543
4:4:56,2.543
4:5:0,2.543
4:5:4,2.543
4:5:8,2.543
4:5:12,2.543
4:5:16,2.543
4:5:20,2.543
4:5:24,2.543
4:5:28,2.543
4:5:32,2.543
4:5:36,2.543
4:5:40,2.543
4:5:44,2.543
4:5:48,2.543
4:5:52,2.543
4:5:56,2.543
4:6:0,2.543
4:6:4,2.543
4:6:8,2.543
4:6:12,2.543
4:6:16,2.543
4:6:20,2.543
4:6:24,2.543
4:6:28,2.543
4:6:32,2.543
4:6:36,2.543
4:6:40,2.543
4:6:44,2.543
4:6:48,2.543
4:6:52,2.543
4:6:56,2.543
4:7:0,2.543
4:7:4,2.543
4:7:8,2.543
4:7:12,2.54
4:7:16,2.543
4:7:20,2.543
4:7:24,2.543
4:7:28,2.543
4:7:32,2.543
4:7:36,2.543
4:7:40,2.543
4:7:44,2.543
4:7:48,2.543
4:7:52,2.543
4:7:56,2.543
4:8:0,2.543
4:8:4,2.54
4:8:8,2.543
4:8:12,2.543
4:8:16,2.54
4:8:20,2.54
4:8:24,2.54
4:8:28,2.54
4:8:32,2.54
4:8:36,2.54
4:8:40,2.54
4:8:44,2.54
4:8:48,2.54
4:8:52,2.54
4:8:56,2.54
4:9:0,2.54
4:9:4,2.54
4:9:8,2.54
4:9:12,2.54
4:9:16,2.54
4:9:20,2.54
4:9:24,2.54
4:9:28,2.54
4:9:32,2.54
4:9:36,2.54
4:9:40,2.54
4:9:44,2.54
4:9:48,2.54
4:9:52,2.54
4:9:56,2.54
4:10:0,2.54
4:10:4,2.54
4:10:8,2.54
4:10:12,2.54
4:10:16,2.54
4:10:20,2.54
4:10:24,2.54
4:10:28,2.54
4:10:32,2.54
4:10:36,2.54
4:10:40,2.54
4:10:44,2.54
4:10:48,2.54
4:10:52,2.54
4:10:56,2.54
4:11:0,2.54
4:11:4,2.54
4:11:8,2.54
4:11:12,2.54
4:11:16,2.54
4:11:20,2.54
4:11:24,2.54
4:11:28,2.54
4:11:32,2.537
4:11:36,2.54
4:11:40,2.54
4:11:44,2.54
4:11:48,2.537
4:11:52,2.54
4:11:56,2.54
4:12:0,2.537
4:12:4,2.54
4:12:8,2.54
4:12:12,2.537
4:12:16,2.54
4:12:20,2.54
4:12:24,2.537
4:12:28,2.54
4:12:32,2.537
4:12:36,2.537
4:12:40,2.537
4:12:44,2.537
4:12:48,2.537
4:12:52,2.537
4:12:56,2.537
4:13:0,2.537
4:13:4,2.537
4:13:8,2.537
4:13:12,2.537
4:13:16,2.537
4:13:20,2.537
4:13:24,2.537
4:13:28,2.537
4:13:32,2.537
4:13:36,2.537
4:13:40,2.537
4:13:44,2.537
4:13:48,2.537
4:13:52,2.537
4:13:56,2.537
4:14:0,2.537
4:14:4,2.537
4:14:8,2.537
4:14:12,2.537
4:14:16,2.537
4:14:20,2.537
4:14:24,2.537
4:14:28,2.537
4:14:32,2.537
4:14:36,2.537
4:14:40,2.537
4:14:44,2.537
4:14:48,2.537
4:14:52,2.537
4:14:56,2.537
4:15:0,2.537
4:15:4,2.537
4:15:8,2.537
4:15:12,2.537
4:15:16,2.537
4:15:20,2.537
4:15:24,2.537
4:15:28,2.537
4:15:32,2.537
4:15:36,2.534
4:15:40,2.537
4:15:44,2.537
4:15:48,2.537
4:15:52,2.537
4:15:56,2.537
4:16:0,2.537
4:16:4,2.537
4:16:8,2.537
4:16:12,2.537
4:16:16,2.534
4:16:20,2.534
4:16:24,2.534
4:16:28,2.537
4:16:32,2.537
4:16:36,2.537
4:16:40,2.534
4:16:44,2.534
4:16:48,2.537
4:16:52,2.534
4:16:56,2.534
4:17:0,2.534
4:17:4,2.534
4:17:8,2.534
4:17:12,2.534
4:17:16,2.534
4:17:20,2.534
4:17:24,2.534
4:17:28,2.534
4:17:32,2.534
4:17:36,2.534
4:17:40,2.534
4:17:44,2.534
4:17:48,2.534
4:17:52,2.534
4:17:56,2.534
4:18:0,2.534
4:18:4,2.534
4:18:8,2.534
4:18:12,2.534
4:18:16,2.534
4:18:20,2.534
4:18:24,2.534
4:18:28,2.534
4:18:32,2.534
4:18:36,2.534
4:18:40,2.531
4:18:44,2.534
4:18:48,2.534
4:18:52,2.534
4:18:56,2.534
4:19:0,2.534
4:19:4,2.534
4:19:8,2.534
4:19:12,2.534
4:19:16,2.531
4:19:20,2.534
4:19:24,2.534
4:19:28,2.534
4:19:32,2.534
4:19:36,2.534
4:19:40,2.534
4:19:44,2.534
4:19:48,2.534
4:19:52,2.531
4:19:56,2.534
4:20:0,2.534
4:20:4,2.534
4:20:8,2.531
4:20:12,2.525
4:20:16,2.531
4:20:20,2.531
4:20:24,2.531
4:20:28,2.531
4:20:32,2.531
4:20:36,2.534
4:20:40,2.531
4:20:44,2.531
4:20:48,2.531
4:20:52,2.531
4:20:56,2.534
4:21:0,2.531
4:21:4,2.531
4:21:8,2.531
4:21:12,2.531
4:21:16,2.531
4:21:20,2.531
4:21:24,2.525
4:21:28,2.531
4:21:32,2.531
4:21:36,2.525
4:21:40,2.531
4:21:44,2.531
4:21:48,2.531
4:21:52,2.525
4:21:56,2.531
4:22:0,2.525
4:22:4,2.525
4:22:8,2.525
4:22:12,2.525
4:22:16,2.525
4:22:20,2.525
4:22:24,2.525
4:22:28,2.525
4:22:32,2.525
4:22:36,2.525
4:22:40,2.525
4:22:44,2.525
4:22:48,2.525
4:22:52,2.525
4:22:56,2.525
4:23:0,2.525
4:23:4,2.525
4:23:8,2.522
4:23:12,2.525
4:23:16,2.525
4:23:20,2.525
4:23:24,2.522
4:23:28,2.522
4:23:32,2.522
4:23:36,2.525
4:23:40,2.522
4:23:44,2.522
4:23:48,2.522
4:23:52,2.522
4:23:56,2.522
4:24:0,2.522
4:24:4,2.522
4:24:8,2.522
4:24:12,2.522
4:24:16,2.522
4:24:20,2.522
4:24:24,2.522
4:24:28,2.522
4:24:32,2.522
4:24:36,2.522
4:24:40,2.522
4:24:44,2.522
4:24:48,2.522
4:24:52,2.522
4:24:56,2.522
4:25:0,2.522
4:25:4,2.522
4:25:8,2.522
4:25:12,2.522
4:25:16,2.522
4:25:20,2.522
4:25:24,2.522
4:25:28,2.522
4:25:32,2.522
4:25:36,2.522
4:25:40,2.522
4:25:44,2.522
4:25:48,2.522
4:25:52,2.522
4:25:56,2.522
4:26:0,2.522
4:26:4,2.522
4:26:8,2.522
4:26:12,2.522
4:26:16,2.522
4:26:20,2.52
4:26:24,2.522
4:26:28,2.522
4:26:32,2.522
4:26:36,2.52
4:26:40,2.52
4:26:44,2.52
4:26:48,2.52
4:26:52,2.52
4:26:56,2.52
4:27:0,2.52
4:27:4,2.52
4:27:8,2.52
4:27:12,2.52
4:27:16,2.52
4:27:20,2.52
4:27:24,2.52
4:27:28,2.52
4:27:32,2.52
4:27:36,2.52
4:27:40,2.52
4:27:44,2.52
4:27:48,2.52
4:27:52,2.52
4:27:56,2.52
4:28:0,2.52
4:28:4,2.52
4:28:8,2.52
4:28:12,2.52
4:28:16,2.52
4:28:20,2.52
4:28:24,2.52
4:28:28,2.52
4:28:32,2.52
4:28:36,2.52
4:28:40,2.52
4:28:44,2.52
4:28:48,2.52
4:28:52,2.52
4:28:56,2.52
4:29:0,2.52
4:29:4,2.52
4:29:8,2.52
4:29:12,2.52
4:29:16,2.52
4:29:20,2.52
4:29:24,2.52
4:29:28,2.52
4:29:32,2.52
4:29:36,2.517
4:29:40,2.52
4:29:44,2.52
4:29:48,2.52
4:29:52,2.52
4:29:56,2.517
4:30:0,2.52
4:30:4,2.517
4:30:8,2.52
4:30:12,2.52
4:30:16,2.517
4:30:20,2.52
4:30:24,2.517
4:30:28,2.517
4:30:32,2.517
4:30:36,2.517
4:30:40,2.517
4:30:44,2.517
4:30:48,2.517
4:30:52,2.517
4:30:56,2.517
4:31:0,2.517
4:31:4,2.517
4:31:8,2.517
4:31:12,2.517
4:31:16,2.517
4:31:20,2.517
4:31:24,2.517
4:31:28,2.517
4:31:32,2.517
4:31:36,2.517
4:31:40,2.517
4:31:44,2.517
4:31:48,2.517
4:31:52,2.517
4:31:56,2.517
4:32:0,2.517
4:32:4,2.517
4:32:8,2.517
4:32:12,2.517
4:32:16,2.517
4:32:20,2.517
4:32:24,2.517
4:32:28,2.517
4:32:32,2.517
4:32:36,2.517
4:32:40,2.517
4:32:44,2.517
4:32:48,2.517
4:32:52,2.517
4:32:56,2.517
4:33:0,2.517
4:33:4,2.517
4:33:8,2.514
4:33:12,2.517
4:33:16,2.517
4:33:20,2.517
4:33:24,2.517
4:33:28,2.517
4:33:32,2.517
4:33:36,2.517
4:33:40,2.517
4:33:44,2.517
4:33:48,2.517
4:33:52,2.517
4:33:56,2.517
4:34:0,2.517
4:34:4,2.517
4:34:8,2.514
4:34:12,2.517
4:34:16,2.514
4:34:20,2.517
4:34:24,2.514
4:34:28,2.514
4:34:32,2.514
4:34:36,2.514
4:34:40,2.514
4:34:44,2.514
4:34:48,2.514
4:34:52,2.514
4:34:56,2.514
4:35:0,2.514
4:35:4,2.514
4:35:8,2.514
4:35:12,2.514
4:35:16,2.514
4:35:20,2.514
4:35:24,2.514
4:35:28,2.514
4:35:32,2.514
4:35:36,2.514
4:35:40,2.514
4:35:44,2.514
4:35:48,2.511
4:35:52,2.514
4:35:56,2.514
4:36:0,2.514
4:36:4,2.514
4:36:8,2.511
4:36:12,2.514
4:36:16,2.514
4:36:20,2.511
4:36:24,2.511
4:36:28,2.511
4:36:32,2.511
4:36:36,2.514
4:36:40,2.511
4:36:44,2.514
4:36:48,2.514
4:36:52,2.511
4:36:56,2.511
4:37:0,2.511
4:37:4,2.511
4:37:8,2.511
4:37:12,2.511
4:37:16,2.511
4:37:20,2.511
4:37:24,2.511
4:37:28,2.511
4:37:32,2.511
4:37:36,2.511
4:37:40,2.511
4:37:44,2.511
4:37:48,2.511
4:37:52,2.511
4:37:56,2.511
4:38:0,2.511
4:38:4,2.511
4:38:8,2.511
4:38:12,2.511
4:38:16,2.511
4:38:20,2.511
4:38:24,2.511
4:38:28,2.511
4:38:32,2.511
4:38:36,2.511
4:38:40,2.511
4:38:44,2.511
4:38:48,2.511
4:38:52,2.511
4:38:56,2.511
4:39:0,2.511
4:39:4,2.511
4:39:8,2.511
4:39:12,2.511
4:39:16,2.511
4:39:20,2.508
4:39:24,2.511
4:39:28,2.508
4:39:32,2.508
4:39:36,2.508
4:39:40,2.508
4:39:44,2.508
4:39:48,2.508
4:39:52,2.508
4:39:56,2.508
4:40:0,2.508
4:40:4,2.508
4:40:8,2.508
4:40:12,2.508
4:40:16,2.508
4:40:20,2.508
4:40:24,2.508
4:40:28,2.508
4:40:32,2.508
4:40:36,2.508
4:40:40,2.508
4:40:44,2.508
4:40:48,2.508
4:40:52,2.508
4:40:56,2.508
4:41:0,2.508
4:41:4,2.508
4:41:8,2.508
4:41:12,2.508
4:41:16,2.508
4:41:20,2.508
4:41:24,2.508
4:41:28,2.508
4:41:32,2.508
4:41:36,2.508
4:41:40,2.508
4:41:44,2.508
4:41:48,2.508
4:41:52,2.508
4:41:56,2.508
4:42:0,2.508
4:42:4,2.508
4:42:8,2.508
4:42:12,2.505
4:42:16,2.508
4:42:20,2.505
4:42:24,2.508
4:42:28,2.508
4:42:32,2.508
4:42:36,2.508
4:42:40,2.505
4:42:44,2.505
4:42:48,2.508
4:42:52,2.508
4:42:56,2.505
4:43:0,2.505
4:43:4,2.505
4:43:8,2.508
4:43:12,2.505
4:43:16,2.508
4:43:20,2.505
4:43:24,2.505
4:43:28,2.505
4:43:32,2.505
4:43:36,2.505
4:43:40,2.505
4:43:44,2.505
4:43:48,2.505
4:43:52,2.505
4:43:56,2.505
4:44:0,2.505
4:44:4,2.505
4:44:8,2.505
4:44:12,2.505
4:44:16,2.505
4:44:20,2.505
4:44:24,2.505
4:44:28,2.502
4:44:32,2.505
4:44:36,2.505
4:44:40,2.505
4:44:44,2.505
4:44:48,2.502
4:44:52,2.502
4:44:56,2.505
4:45:0,2.502
4:45:4,2.502
4:45:8,2.502
4:45:12,2.502
4:45:16,2.502
4:45:20,2.502
4:45:24,2.502
4:45:28,2.502
4:45:32,2.502
4:45:36,2.502
4:45:40,2.502
4:45:44,2.502
4:45:48,2.502
4:45:52,2.499
4:45:56,2.499
4:46:0,2.499
4:46:4,2.499
4:46:8,2.499
4:46:12,2.502
4:46:16,2.502
4:46:20,2.499
4:46:24,2.499
4:46:28,2.499
4:46:32,2.499
4:46:36,2.499
4:46:40,2.499
4:46:44,2.499
4:46:48,2.499
4:46:52,2.499
4:46:56,2.499
4:47:0,2.499
4:47:4,2.499
4:47:8,2.499
4:47:12,2.499
4:47:16,2.499
4:47:20,2.499
4:47:24,2.499
4:47:28,2.496
4:47:32,2.499
4:47:36,2.499
4:47:40,2.496
4:47:44,2.499
4:47:48,2.496
4:47:52,2.499
4:47:56,2.496
4:48:0,2.496
4:48:4,2.496
4:48:8,2.496
4:48:12,2.499
4:48:16,2.496
4:48:20,2.499
4:48:24,2.496
4:48:28,2.496
4:48:32,2.496
4:48:36,2.496
4:48:40,2.496
4:48:44,2.496
4:48:48,2.496
4:48:52,2.496
4:48:56,2.496
4:49:0,2.496
4:49:4,2.496
4:49:8,2.496
4:49:12,2.496
4:49:16,2.496
4:49:20,2.496
4:49:24,2.496
4:49:28,2.496
4:49:32,2.496
4:49:36,2.496
4:49:40,2.496
4:49:44,2.496
4:49:48,2.496
4:49:52,2.496
4:49:56,2.496
4:50:0,2.496
4:50:4,2.496
4:50:8,2.49
4:50:12,2.496
4:50:16,2.49
4:50:20,2.49
4:50:24,2.496
4:50:28,2.496
4:50:32,2.496
4:50:36,2.49
4:50:40,2.496
4:50:44,2.496
4:50:48,2.496
4:50:52,2.496
4:50:56,2.49
4:51:0,2.496
4:51:4,2.496
4:51:8,2.49
4:51:12,2.49
4:51:16,2.49
4:51:20,2.49
4:51:24,2.49
4:51:28,2.49
4:51:32,2.49
4:51:36,2.49
4:51:40,2.49
4:51:44,2.49
4:51:48,2.49
4:51:52,2.49
4:51:56,2.49
4:52:0,2.49
4:52:4,2.49
4:52:8,2.49
4:52:12,2.49
4:52:16,2.487
4:52:20,2.49
4:52:24,2.49
4:52:28,2.49
4:52:32,2.487
4:52:36,2.487
4:52:40,2.487
4:52:44,2.487
4:52:48,2.487
4:52:52,2.487
4:52:56,2.487
4:53:0,2.487
4:53:4,2.487
4:53:8,2.487
4:53:12,2.487
4:53:16,2.487
4:53:20,2.487
4:53:24,2.487
4:53:28,2.487
4:53:32,2.487
4:53:36,2.487
4:53:40,2.487
4:53:44,2.487
4:53:48,2.487
4:53:52,2.487
4:53:56,2.487
4:54:0,2.487
4:54:4,2.487
4:54:8,2.487
4:54:12,2.487
4:54:16,2.487
4:54:20,2.487
4:54:24,2.487
4:54:28,2.487
4:54:32,2.487
4:54:36,2.487
4:54:40,2.487
4:54:44,2.487
4:54:48,2.484
4:54:52,2.484
4:54:56,2.487
4:55:0,2.484
4:55:4,2.484
4:55:8,2.484
4:55:12,2.487
4:55:16,2.484
4:55:20,2.487
4:55:24,2.487
4:55:28,2.487
4:55:32,2.484
4:55:36,2.484
4:55:40,2.484
4:55:44,2.484
4:55:48,2.484
4:55:52,2.484
4:55:56,2.484
4:56:0,2.484
4:56:4,2.484
4:56:8,2.484
4:56:12,2.484
4:56:16,2.484
4:56:20,2.484
4:56:24,2.484
4:56:28,2.484
4:56:32,2.484
4:56:36,2.484
4:56:40,2.484
4:56:44,2.484
4:56:48,2.484
4:56:52,2.484
4:56:56,2.484
4:57:0,2.481
4:57:4,2.484
4:57:8,2.481
4:57:12,2.484
4:57:16,2.481
4:57:20,2.481
4:57:24,2.481
4:57:28,2.481
4:57:32,2.481
4:57:36,2.481
4:57:40,2.481
4:57:44,2.481
4:57:48,2.481
4:57:52,2.481
4:57:56,2.481
4:58:0,2.481
4:58:4,2.481
4:58:8,2.481
4:58:12,2.481
4:58:16,2.481
4:58:20,2.481
4:58:24,2.481
4:58:28,2.481
4:58:32,2.481
4:58:36,2.481
4:58:40,2.481
4:58:44,2.481
4:58:48,2.481
4:58:52,2.481
4:58:56,2.481
4:59:0,2.481
4:59:4,2.481
4:59:8,2.481
4:59:12,2.481
4:59:16,2.481
4:59:20,2.481
4:59:24,2.481
4:59:28,2.481
4:59:32,2.481
4:59:36,2.481
4:59:40,2.479
4:59:44,2.479
4:59:48,2.479
4:59:52,2.479
4:59:56,2.479
5:0:0,2.479
5:0:4,2.479
5:0:8,2.479
5:0:12,2.479
5:0:16,2.479
5:0:20,2.479
5:0:24,2.479
5:0:28,2.479
5:0:32,2.479
5:0:36,2.479
5:0:40,2.479
5:0:44,2.479
5:0:48,2.479
5:0:52,2.479
5:0:56,2.479
5:1:0,2.479
5:1:4,2.479
5:1:8,2.479
5:1:12,2.479
5:1:16,2.479
5:1:20,2.479
5:1:24,2.479
5:1:28,2.479
5:1:32,2.479
5:1:36,2.479
5:1:40,2.479
5:1:44,2.479
5:1:48,2.479
5:1:52,2.479
5:1:56,2.479
5:2:0,2.479
5:2:4,2.479
5:2:8,2.479
5:2:12,2.479
5:2:16,2.479
5:2:20,2.479
5:2:24,2.479
5:2:28,2.479
5:2:32,2.479
5:2:36,2.479
5:2:40,2.479
5:2:44,2.479
5:2:48,2.479
5:2:52,2.476
5:2:56,2.479
5:3:0,2.476
5:3:4,2.476
5:3:8,2.476
5:3:12,2.476
5:3:16,2.476
5:3:20,2.476
5:3:24,2.476
5:3:28,2.476
5:3:32,2.476
5:3:36,2.476
5:3:40,2.476
5:3:44,2.476
5:3:48,2.476
5:3:52,2.476
5:3:56,2.476
5:4:0,2.476
5:4:4,2.476
5:4:8,2.476
5:4:12,2.476
5:4:16,2.476
5:4:20,2.476
5:4:24,2.476
5:4:28,2.476
5:4:32,2.476
5:4:36,2.476
5:4:40,2.476
5:4:44,2.473
5:4:48,2.473
5:4:52,2.476
5:4:56,2.473
5:5:0,2.476
5:5:4,2.473
5:5:8,2.47
5:5:12,2.473
5:5:16,2.473
5:5:20,2.47
5:5:24,2.47
5:5:28,2.47
5:5:32,2.47
5:5:36,2.473
5:5:40,2.47
5:5:44,2.47
5:5:48,2.47
5:5:52,2.47
5:5:56,2.47
5:6:0,2.47
5:6:4,2.47
5:6:8,2.47
5:6:12,2.47
5:6:16,2.47
5:6:20,2.47
5:6:24,2.47
5:6:28,2.47
5:6:32,2.47
5:6:36,2.47
5:6:40,2.47
5:6:44,2.47
5:6:48,2.47
5:6:52,2.47
5:6:56,2.47
5:7:0,2.47
5:7:4,2.47
5:7:8,2.47
5:7:12,2.467
5:7:16,2.47
5:7:20,2.47
5:7:24,2.47
5:7:28,2.47
5:7:32,2.467
5:7:36,2.467
5:7:40,2.467
5:7:44,2.467
5:7:48,2.467
5:7:52,2.467
5:7:56,2.467
5:8:0,2.467
5:8:4,2.467
5:8:8,2.467
5:8:12,2.467
5:8:16,2.467
5:8:20,2.467
5:8:24,2.467
5:8:28,2.467
5:8:32,2.467
5:8:36,2.467
5:8:40,2.467
5:8:44,2.467
5:8:48,2.467
5:8:52,2.467
5:8:56,2.467
5:9:0,2.464
5:9:4,2.467
5:9:8,2.467
5:9:12,2.467
5:9:16,2.467
5:9:20,2.467
5:9:24,2.467
5:9:28,2.467
5:9:32,2.467
5:9:36,2.467
5:9:40,2.464
5:9:44,2.464
5:9:48,2.464
5:9:52,2.464
5:9:56,2.464
5:10:0,2.464
5:10:4,2.464
5:10:8,2.464
5:10:12,2.467
5:10:16,2.464
5:10:20,2.464
5:10:24,2.464
5:10:28,2.464
5:10:32,2.464
5:10:36,2.464
5:10:40,2.464
5:10:44,2.464
5:10:48,2.464
5:10:52,2.464
5:10:56,2.464
5:11:0,2.464
5:11:4,2.464
5:11:8,2.464
5:11:12,2.464
5:11:16,2.461
5:11:20,2.464
5:11:24,2.464
5:11:28,2.464
5:11:32,2.464
5:11:36,2.464
5:11:40,2.464
5:11:44,2.464
5:11:48,2.464
5:11:52,2.464
5:11:56,2.464
5:12:0,2.464
5:12:4,2.464
5:12:8,2.464
5:12:12,2.464
5:12:16,2.464
5:12:20,2.464
5:12:24,2.464
5:12:28,2.461
5:12:32,2.464
5:12:36,2.461
5:12:40,2.464
5:12:44,2.464
5:12:48,2.464
5:12:52,2.464
5:12:56,2.461
5:13:0,2.461
5:13:4,2.461
5:13:8,2.461
5:13:12,2.461
5:13:16,2.461
5:13:20,2.461
5:13:24,2.461
5:13:28,2.461
5:13:32,2.461
5:13:36,2.461
5:13:40,2.461
5:13:44,2.461
5:13:48,2.461
5:13:52,2.461
5:13:56,2.461
5:14:0,2.461
5:14:4,2.461
5:14:8,2.461
5:14:12,2.461
5:14:16,2.461
5:14:20,2.461
5:14:24,2.461
5:14:28,2.461
5:14:32,2.461
5:14:36,2.461
5:14:40,2.461
5:14:44,2.461
5:14:48,2.461
5:14:52,2.461
5:14:56,2.461
5:15:0,2.461
5:15:4,2.461
5:15:8,2.461
5:15:12,2.455
5:15:16,2.455
5:15:20,2.455
5:15:24,2.455
5:15:28,2.455
5:15:32,2.455
5:15:36,2.455
5:15:40,2.455
5:15:44,2.455
5:15:48,2.455
5:15:52,2.452
5:15:56,2.455
5:16:0,2.452
5:16:4,2.452
5:16:8,2.455
5:16:12,2.452
5:16:16,2.452
5:16:20,2.452
5:16:24,2.449
5:16:28,2.452
5:16:32,2.449
5:16:36,2.452
5:16:40,2.449
5:16:44,2.449
5:16:48,2.449
5:16:52,2.449
5:16:56,2.449
5:17:0,2.449
5:17:4,2.449
5:17:8,2.449
5:17:12,2.449
5:17:16,2.449
5:17:20,2.449
5:17:24,2.449
5:17:28,2.449
5:17:32,2.449
5:17:36,2.449
5:17:40,2.449
5:17:44,2.449
5:17:48,2.446
5:17:52,2.449
5:17:56,2.449
5:18:0,2.449
5:18:4,2.449
5:18:8,2.449
5:18:12,2.449
5:18:16,2.449
5:18:20,2.446
5:18:24,2.449
5:18:28,2.449
5:18:32,2.449
5:18:36,2.449
5:18:40,2.446
5:18:44,2.446
5:18:48,2.446
5:18:52,2.446
5:18:56,2.446
5:19:0,2.446
5:19:4,2.446
5:19:8,2.446
5:19:12,2.446
5:19:16,2.446
5:19:20,2.446
5:19:24,2.446
5:19:28,2.446
5:19:32,2.446
5:19:36,2.446
5:19:40,2.446
5:19:44,2.446
5:19:48,2.446
5:19:52,2.446
5:19:56,2.446
5:20:0,2.446
5:20:4,2.446
5:20:8,2.446
5:20:12,2.446
5:20:16,2.446
5:20:20,2.446
5:20:24,2.446
5:20:28,2.446
5:20:32,2.446
5:20:36,2.446
5:20:40,2.443
5:20:44,2.446
5:20:48,2.446
5:20:52,2.446
5:20:56,2.443
5:21:0,2.443
5:21:4,2.443
5:21:8,2.443
5:21:12,2.443
5:21:16,2.443
5:21:20,2.443
5:21:24,2.443
5:21:28,2.443
5:21:32,2.443
5:21:36,2.443
5:21:40,2.443
5:21:44,2.443
5:21:48,2.443
5:21:52,2.443
5:21:56,2.443
5:22:0,2.443
5:22:4,2.443
5:22:8,2.443
5:22:12,2.443
5:22:16,2.443
5:22:20,2.443
5:22:24,2.443
5:22:28,2.443
5:22:32,2.443
5:22:36,2.443
5:22:40,2.443
5:22:44,2.443
5:22:48,2.443
5:22:52,2.443
5:22:56,2.443
5:23:0,2.44
5:23:4,2.443
5:23:8,2.44
5:23:12,2.443
5:23:16,2.443
5:23:20,2.443
5:23:24,2.443
5:23:28,2.44
5:23:32,2.443
5:23:36,2.443
5:23:40,2.44
5:23:44,2.44
5:23:48,2.44
5:23:52,2.44
5:23:56,2.44
5:24:0,2.44
5:24:4,2.44
5:24:8,2.44
5:24:12,2.44
5:24:16,2.44
5:24:20,2.44
5:24:24,2.44
5:24:28,2.44
5:24:32,2.44
5:24:36,2.44
5:24:40,2.44
5:24:44,2.44
5:24:48,2.44
5:24:52,2.44
5:24:56,2.44
5:25:0,2.44
5:25:4,2.44
5:25:8,2.44
5:25:12,2.44
5:25:16,2.44
5:25:20,2.438
5:25:24,2.44
5:25:28,2.438
5:25:32,2.44
5:25:36,2.438
5:25:40,2.44
5:25:44,2.44
5:25:48,2.438
5:25:52,2.438
5:25:56,2.438
5:26:0,2.438
5:26:4,2.438
5:26:8,2.438
5:26:12,2.438
5:26:16,2.438
5:26:20,2.438
5:26:24,2.438
5:26:28,2.438
5:26:32,2.438
5:26:36,2.438
5:26:40,2.438
5:26:44,2.438
5:26:48,2.438
5:26:52,2.438
5:26:56,2.438
5:27:0,2.438
5:27:4,2.438
5:27:8,2.438
5:27:12,2.438
5:27:16,2.438
5:27:20,2.438
5:27:24,2.438
5:27:28,2.438
5:27:32,2.438
5:27:36,2.438
5:27:40,2.438
5:27:44,2.438
5:27:48,2.438
5:27:52,2.438
5:27:56,2.438
5:28:0,2.438
5:28:4,2.438
5:28:8,2.438
5:28:12,2.438
5:28:16,2.438
5:28:20,2.438
5:28:24,2.438
5:28:28,2.435
5:28:32,2.438
5:28:36,2.438
5:28:40,2.438
5:28:44,2.438
5:28:48,2.435
5:28:52,2.438
5:28:56,2.438
5:29:0,2.435
5:29:4,2.438
5:29:8,2.438
5:29:12,2.435
5:29:16,2.435
5:29:20,2.438
5:29:24,2.438
5:29:28,2.435
5:29:32,2.435
5:29:36,2.435
5:29:40,2.435
5:29:44,2.435
5:29:48,2.435
5:29:52,2.435
5:29:56,2.435
5:30:0,2.438
5:30:4,2.435
5:30:8,2.435
5:30:12,2.435
5:30:16,2.435
5:30:20,2.435
5:30:24,2.435
5:30:28,2.435
5:30:32,2.435
5:30:36,2.435
5:30:40,2.435
5:30:44,2.435
5:30:48,2.435
5:30:52,2.432
5:30:56,2.435
5:31:0,2.435
5:31:4,2.435
5:31:8,2.435
5:31:12,2.435
5:31:16,2.435
5:31:20,2.435
5:31:24,2.435
5:31:28,2.435
5:31:32,2.435
5:31:36,2.435
5:31:40,2.435
5:31:44,2.435
5:31:48,2.435
5:31:52,2.432
5:31:56,2.435
5:32:0,2.435
5:32:4,2.432
5:32:8,2.435
5:32:12,2.435
5:32:16,2.435
5:32:20,2.432
5:32:24,2.432
5:32:28,2.432
5:32:32,2.432
5:32:36,2.432
5:32:40,2.432
5:32:44,2.429
5:32:48,2.429
5:32:52,2.429
5:32:56,2.429
5:33:0,2.429
5:33:4,2.429
5:33:8,2.429
5:33:12,2.429
5:33:16,2.429
5:33:20,2.429
5:33:24,2.429
5:33:28,2.429
5:33:32,2.429
5:33:36,2.429
5:33:40,2.429
5:33:44,2.429
5:33:48,2.429
5:33:52,2.429
5:33:56,2.429
5:34:0,2.429
5:34:4,2.429
5:34:8,2.429
5:34:12,2.429
5:34:16,2.429
5:34:20,2.426
5:34:24,2.429
5:34:28,2.42
5:34:32,2.426
5:34:36,2.426
5:34:40,2.426
5:34:44,2.426
5:34:48,2.426
5:34:52,2.426
5:34:56,2.429
5:35:0,2.426
5:35:4,2.42
5:35:8,2.426
5:35:12,2.42
5:35:16,2.42
5:35:20,2.42
5:35:24,2.42
5:35:28,2.42
5:35:32,2.42
5:35:36,2.42
5:35:40,2.42
5:35:44,2.42
5:35:48,2.42
5:35:52,2.42
5:35:56,2.42
5:36:0,2.42
5:36:4,2.42
5:36:8,2.42
5:36:12,2.42
5:36:16,2.42
5:36:20,2.42
5:36:24,2.42
5:36:28,2.42
5:36:32,2.42
5:36:36,2.42
5:36:40,2.42
5:36:44,2.42
5:36:48,2.42
5:36:52,2.42
5:36:56,2.42
5:37:0,2.42
5:37:4,2.42
5:37:8,2.42
5:37:12,2.42
5:37:16,2.42
5:37:20,2.42
5:37:24,2.42
5:37:28,2.42
5:37:32,2.42
5:37:36,2.417
5:37:40,2.417
5:37:44,2.417
5:37:48,2.417
5:37:52,2.42
5:37:56,2.417
5:38:0,2.417
5:38:4,2.417
5:38:8,2.417
5:38:12,2.417
5:38:16,2.417
5:38:20,2.417
5:38:24,2.417
5:38:28,2.417
5:38:32,2.417
5:38:36,2.417
5:38:40,2.417
5:38:44,2.417
5:38:48,2.417
5:38:52,2.417
5:38:56,2.417
5:39:0,2.417
5:39:4,2.417
5:39:8,2.417
5:39:12,2.417
5:39:16,2.417
5:39:20,2.417
5:39:24,2.417
5:39:28,2.417
5:39:32,2.414
5:39:36,2.414
5:39:40,2.414
5:39:44,2.414
5:39:48,2.414
5:39:52,2.414
5:39:56,2.414
5:40:0,2.417
5:40:4,2.414
5:40:8,2.414
5:40:12,2.414
5:40:16,2.414
5:40:20,2.414
5:40:24,2.414
5:40:28,2.414
5:40:32,2.414
5:40:36,2.414
5:40:40,2.414
5:40:44,2.414
5:40:48,2.414
5:40:52,2.414
5:40:56,2.414
5:41:0,2.414
5:41:4,2.414
5:41:8,2.414
5:41:12,2.414
5:41:16,2.414
5:41:20,2.414
5:41:24,2.414
5:41:28,2.414
5:41:32,2.414
5:41:36,2.414
5:41:40,2.414
5:41:44,2.414
5:41:48,2.414
5:41:52,2.414
5:41:56,2.414
5:42:0,2.414
5:42:4,2.414
5:42:8,2.411
5:42:12,2.411
5:42:16,2.414
5:42:20,2.411
5:42:24,2.414
5:42:28,2.414
5:42:32,2.411
5:42:36,2.411
5:42:40,2.411
5:42:44,2.411
5:42:48,2.411
5:42:52,2.411
5:42:56,2.411
5:43:0,2.411
5:43:4,2.411
5:43:8,2.411
5:43:12,2.411
5:43:16,2.411
5:43:20,2.411
5:43:24,2.411
5:43:28,2.411
5:43:32,2.411
5:43:36,2.411
5:43:40,2.411
5:43:44,2.411
5:43:48,2.408
5:43:52,2.408
5:43:56,2.411
5:44:0,2.408
5:44:4,2.408
5:44:8,2.411
5:44:12,2.408
5:44:16,2.408
5:44:20,2.408
5:44:24,2.408
5:44:28,2.408
5:44:32,2.408
5:44:36,2.408
5:44:40,2.408
5:44:44,2.408
5:44:48,2.408
5:44:52,2.408
5:44:56,2.408
5:45:0,2.408
5:45:4,2.408
5:45:8,2.408
5:45:12,2.408
5:45:16,2.408
5:45:20,2.408
5:45:24,2.408
5:45:28,2.408
5:45:32,2.408
5:45:36,2.408
5:45:40,2.408
5:45:44,2.408
5:45:48,2.408
5:45:52,2.405
5:45:56,2.408
5:46:0,2.408
5:46:4,2.408
5:46:8,2.405
5:46:12,2.405
5:46:16,2.408
5:46:20,2.405
5:46:24,2.405
5:46:28,2.405
5:46:32,2.405
5:46:36,2.405
5:46:40,2.405
5:46:44,2.405
5:46:48,2.405
5:46:52,2.405
5:46:56,2.405
5:47:0,2.405
5:47:4,2.405
5:47:8,2.405
5:47:12,2.405
5:47:16,2.405
5:47:20,2.405
5:47:24,2.405
5:47:28,2.405
5:47:32,2.405
5:47:36,2.405
5:47:40,2.405
5:47:44,2.405
5:47:48,2.405
5:47:52,2.405
5:47:56,2.405
5:48:0,2.402
5:48:4,2.405
5:48:8,2.405
5:48:12,2.405
5:48:16,2.402
5:48:20,2.402
5:48:24,2.405
5:48:28,2.402
5:48:32,2.402
5:48:36,2.402
5:48:40,2.402
5:48:44,2.402
5:48:48,2.402
5:48:52,2.402
5:48:56,2.402
5:49:0,2.402
5:49:4,2.402
5:49:8,2.402
5:49:12,2.402
5:49:16,2.402
5:49:20,2.402
5:49:24,2.402
5:49:28,2.402
5:49:32,2.402
5:49:36,2.402
5:49:40,2.402
5:49:44,2.402
5:49:48,2.402
5:49:52,2.402
5:49:56,2.402
5:50:0,2.402
5:50:4,2.402
5:50:8,2.402
5:50:12,2.402
5:50:16,2.402
5:50:20,2.402
5:50:24,2.402
5:50:28,2.399
5:50:32,2.399
5:50:36,2.399
5:50:40,2.399
5:50:44,2.399
5:50:48,2.396
5:50:52,2.396
5:50:56,2.396
5:51:0,2.399
5:51:4,2.396
5:51:8,2.396
5:51:12,2.396
5:51:16,2.396
5:51:20,2.396
5:51:24,2.396
5:51:28,2.396
5:51:32,2.396
5:51:36,2.396
5:51:40,2.396
5:51:44,2.396
5:51:48,2.396
5:51:52,2.396
5:51:56,2.396
5:52:0,2.396
5:52:4,2.396
5:52:8,2.396
5:52:12,2.396
5:52:16,2.396
5:52:20,2.396
5:52:24,2.396
5:52:28,2.396
5:52:32,2.396
5:52:36,2.396
5:52:40,2.394
5:52:44,2.394
5:52:48,2.394
5:52:52,2.394
5:52:56,2.391
5:53:0,2.394
5:53:4,2.394
5:53:8,2.391
5:53:12,2.391
5:53:16,2.391
5:53:20,2.391
5:53:24,2.391
5:53:28,2.391
5:53:32,2.391
5:53:36,2.391
5:53:40,2.391
5:53:44,2.391
5:53:48,2.391
5:53:52,2.391
5:53:56,2.391
5:54:0,2.391
5:54:4,2.391
5:54:8,2.391
5:54:12,2.391
5:54:16,2.391
5:54:20,2.391
5:54:24,2.391
5:54:28,2.391
5:54:32,2.391
5:54:36,2.391
5:54:40,2.391
5:54:44,2.391
5:54:48,2.391
5:54:52,2.391
5:54:56,2.385
5:55:0,2.385
5:55:4,2.385
5:55:8,2.385
5:55:12,2.385
5:55:16,2.385
5:55:20,2.385
5:55:24,2.385
5:55:28,2.385
5:55:32,2.385
5:55:36,2.385
5:55:40,2.385
5:55:44,2.385
5:55:48,2.385
5:55:52,2.385
5:55:56,2.385
5:56:0,2.385
5:56:4,2.385
5:56:8,2.385
5:56:12,2.385
5:56:16,2.385
5:56:20,2.385
5:56:24,2.385
5:56:28,2.385
5:56:32,2.385
5:56:36,2.385
5:56:40,2.385
5:56:44,2.385
5:56:48,2.385
5:56:52,2.382
5:56:56,2.382
5:57:0,2.382
5:57:4,2.382
5:57:8,2.382
5:57:12,2.382
5:57:16,2.382
5:57:20,2.382
5:57:24,2.382
5:57:28,2.382
5:57:32,2.382
5:57:36,2.382
5:57:40,2.382
5:57:44,2.382
5:57:48,2.382
5:57:52,2.382
5:57:56,2.382
5:58:0,2.382
5:58:4,2.379
5:58:8,2.382
5:58:12,2.379
5:58:16,2.379
5:58:20,2.379
5:58:24,2.379
5:58:28,2.379
5:58:32,2.379
5:58:36,2.379
5:58:40,2.379
5:58:44,2.379
5:58:48,2.379
5:58:52,2.379
5:58:56,2.379
5:59:0,2.379
5:59:4,2.379
5:59:8,2.379
5:59:12,2.379
5:59:16,2.379
5:59:20,2.379
5:59:24,2.379
5:59:28,2.379
5:59:32,2.379
5:59:36,2.379
5:59:40,2.379
5:59:44,2.379
5:59:48,2.379
5:59:52,2.376
5:59:56,2.376
6:0:0,2.376
6:0:4,2.376
6:0:8,2.376
6:0:12,2.376
6:0:16,2.376
6:0:20,2.376
6:0:24,2.376
6:0:28,2.376
6:0:32,2.376
6:0:36,2.376
6:0:40,2.376
6:0:44,2.376
6:0:48,2.376
6:0:52,2.376
6:0:56,2.376
6:1:0,2.376
6:1:4,2.376
6:1:8,2.376
6:1:12,2.373
6:1:16,2.373
6:1:20,2.373
6:1:24,2.373
6:1:28,2.373
6:1:32,2.373
6:1:36,2.373
6:1:40,2.373
6:1:44,2.373
6:1:48,2.373
6:1:52,2.373
6:1:56,2.373
6:2:0,2.37
6:2:4,2.373
6:2:8,2.37
6:2:12,2.37
6:2:16,2.37
6:2:20,2.37
6:2:24,2.37
6:2:28,2.37
6:2:32,2.367
6:2:36,2.37
6:2:40,2.367
6:2:44,2.367
6:2:48,2.367
6:2:52,2.367
6:2:56,2.367
6:3:0,2.367
6:3:4,2.367
6:3:8,2.367
6:3:12,2.367
6:3:16,2.367
6:3:20,2.364
6:3:24,2.367
6:3:28,2.367
6:3:32,2.364
6:3:36,2.367
6:3:40,2.364
6:3:44,2.364
6:3:48,2.364
6:3:52,2.364
6:3:56,2.364
6:4:0,2.364
6:4:4,2.364
6:4:8,2.364
6:4:12,2.364
6:4:16,2.364
6:4:20,2.364
6:4:24,2.364
6:4:28,2.364
6:4:32,2.364
6:4:36,2.364
6:4:40,2.364
6:4:44,2.364
6:4:48,2.364
6:4:52,2.361
6:4:56,2.361
6:5:0,2.361
6:5:4,2.364
6:5:8,2.361
6:5:12,2.361
6:5:16,2.361
6:5:20,2.361
6:5:24,2.361
6:5:28,2.361
6:5:32,2.361
6:5:36,2.361
6:5:40,2.361
6:5:44,2.361
6:5:48,2.361
6:5:52,2.361
6:5:56,2.361
6:6:0,2.358
6:6:4,2.361
6:6:8,2.361
6:6:12,2.358
6:6:16,2.358
6:6:20,2.358
6:6:24,2.358
6:6:28,2.358
6:6:32,2.358
6:6:36,2.358
6:6:40,2.358
6:6:44,2.358
6:6:48,2.358
6:6:52,2.358
6:6:56,2.358
6:7:0,2.358
6:7:4,2.358
6:7:8,2.358
6:7:12,2.355
6:7:16,2.355
6:7:20,2.355
6:7:24,2.35
6:7:28,2.35
6:7:32,2.355
6:7:36,2.35
6:7:40,2.35
6:7:44,2.35
6:7:48,2.35
6:7:52,2.35
6:7:56,2.35
6:8:0,2.35
6:8:4,2.35
6:8:8,2.35
6:8:12,2.35
6:8:16,2.35
6:8:20,2.35
6:8:24,2.35
6:8:28,2.35
6:8:32,2.347
6:8:36,2.347
6:8:40,2.347
6:8:44,2.347
6:8:48,2.347
6:8:52,2.347
6:8:56,2.347
6:9:0,2.347
6:9:4,2.347
6:9:8,2.347
6:9:12,2.347
6:9:16,2.347
6:9:20,2.347
6:9:24,2.347
6:9:28,2.347
6:9:32,2.347
6:9:36,2.347
6:9:40,2.347
6:9:44,2.347
6:9:48,2.347
6:9:52,2.347
6:9:56,2.344
6:10:0,2.344
6:10:4,2.344
6:10:8,2.344
6:10:12,2.344
6:10:16,2.344
6:10:20,2.344
6:10:24,2.344
6:10:28,2.344
6:10:32,2.344
6:10:36,2.344
6:10:40,2.344
6:10:44,2.344
6:10:48,2.344
6:10:52,2.344
6:10:56,2.341
6:11:0,2.338
6:11:4,2.338
6:11:8,2.338
6:11:12,2.338
6:11:16,2.338
6:11:20,2.338
6:11:24,2.338
6:11:28,2.338
6:11:32,2.338
6:11:36,2.338
6:11:40,2.338
6:11:44,2.338
6:11:48,2.338
6:11:52,2.338
6:11:56,2.338
6:12:0,2.338
6:12:4,2.338
6:12:8,2.335
6:12:12,2.335
6:12:16,2.335
6:12:20,2.335
6:12:24,2.335
6:12:28,2.335
6:12:32,2.335
6:12:36,2.335
6:12:40,2.335
6:12:44,2.335
6:12:48,2.335
6:12:52,2.335
6:12:56,2.335
6:13:0,2.335
6:13:4,2.332
6:13:8,2.332
6:13:12,2.332
6:13:16,2.332
6:13:20,2.332
6:13:24,2.332
6:13:28,2.332
6:13:32,2.332
6:13:36,2.332
6:13:40,2.332
6:13:44,2.332
6:13:48,2.332
6:13:52,2.332
6:13:56,2.329
6:14:0,2.329
6:14:4,2.329
6:14:8,2.329
6:14:12,2.329
6:14:16,2.329
6:14:20,2.329
6:14:24,2.329
6:14:28,2.329
6:14:32,2.329
6:14:36,2.326
6:14:40,2.326
6:14:44,2.326
6:14:48,2.326
6:14:52,2.326
6:14:56,2.326
6:15:0,2.326
6:15:4,2.326
6:15:8,2.326
6:15:12,2.326
6:15:16,2.323
6:15:20,2.323
6:15:24,2.323
6:15:28,2.323
6:15:32,2.323
6:15:36,2.323
6:15:40,2.323
6:15:44,2.323
6:15:48,2.323
6:15:52,2.323
6:15:56,2.323
6:16:0,2.323
6:16:4,2.323
6:16:8,2.323
6:16:12,2.323
6:16:16,2.32
6:16:20,2.32
6:16:24,2.32
6:16:28,2.32
6:16:32,2.32
6:16:36,2.32
6:16:40,2.32
6:16:44,2.32
6:16:48,2.314
6:16:52,2.32
6:16:56,2.32
6:17:0,2.312
6:17:4,2.312
6:17:8,2.312
6:17:12,2.312
6:17:16,2.309
6:17:20,2.309
6:17:24,2.309
6:17:28,2.309
6:17:32,2.309
6:17:36,2.309
6:17:40,2.309
6:17:44,2.309
6:17:48,2.309
6:17:52,2.306
6:17:56,2.309
6:18:0,2.306
6:18:4,2.306
6:18:8,2.306
6:18:12,2.306
6:18:16,2.306
6:18:20,2.306
6:18:24,2.306
6:18:28,2.306
6:18:32,2.303
6:18:36,2.303
6:18:40,2.303
6:18:44,2.303
6:18:48,2.303
6:18:52,2.303
6:18:56,2.303
6:19:0,2.303
6:19:4,2.303
6:19:8,2.303
6:19:12,2.303
6:19:16,2.303
6:19:20,2.3
6:19:24,2.3
6:19:28,2.3
6:19:32,2.3
6:19:36,2.3
6:19:40,2.3
6:19:44,2.3
6:19:48,2.3
6:19:52,2.297
6:19:56,2.297
6:20:0,2.297
6:20:4,2.297
6:20:8,2.297
6:20:12,2.297
6:20:16,2.297
6:20:20,2.297
6:20:24,2.294
6:20:28,2.294
6:20:32,2.294
6:20:36,2.294
6:20:40,2.294
6:20:44,2.294
6:20:48,2.294
6:20:52,2.294
6:20:56,2.294
6:21:0,2.291
6:21:4,2.291
6:21:8,2.291
6:21:12,2.291
6:21:16,2.291
6:21:20,2.291
6:21:24,2.291
6:21:28,2.291
6:21:32,2.288
6:21:36,2.288
6:21:40,2.285
6:21:44,2.285
6:21:48,2.285
6:21:52,2.285
6:21:56,2.285
6:22:0,2.285
6:22:4,2.285
6:22:8,2.279
6:22:12,2.279
6:22:16,2.279
6:22:20,2.279
6:22:24,2.279
6:22:28,2.279
6:22:32,2.279
6:22:36,2.276
6:22:40,2.276
6:22:44,2.276
6:22:48,2.273
6:22:52,2.273
6:22:56,2.273
6:23:0,2.273
6:23:4,2.273
6:23:8,2.273
6:23:12,2.273
6:23:16,2.271
6:23:20,2.271
6:23:24,2.271
6:23:28,2.271
6:23:32,2.271
6:23:36,2.271
6:23:40,2.268
6:23:44,2.268
6:23:48,2.268
6:23:52,2.268
6:23:56,2.268
6:24:0,2.268
6:24:4,2.265
6:24:8,2.265
6:24:12,2.265
6:24:16,2.265
6:24:20,2.265
6:24:24,2.265
6:24:28,2.265
6:24:32,2.262
6:24:36,2.262
6:24:40,2.262
6:24:44,2.259
6:24:48,2.262
6:24:52,2.259
6:24:56,2.256
6:25:0,2.256
6:25:4,2.256
6:25:8,2.253
6:25:12,2.253
6:25:16,2.253
6:25:20,2.253
6:25:24,2.253
6:25:28,2.253
6:25:32,2.25
6:25:36,2.25
6:25:40,2.25
6:25:44,2.25
6:25:48,2.25
6:25:52,2.244
6:25:56,2.244
6:26:0,2.244
6:26:4,2.244
6:26:8,2.244
6:26:12,2.241
6:26:16,2.241
6:26:20,2.241
6:26:24,2.241
6:26:28,2.241
6:26:32,2.238
6:26:36,2.238
6:26:40,2.238
6:26:44,2.235
6:26:48,2.235
6:26:52,2.235
6:26:56,2.232
6:27:0,2.232
6:27:4,2.232
6:27:8,2.232
6:27:12,2.232
6:27:16,2.229
6:27:20,2.227
6:27:24,2.227
6:27:28,2.227
6:27:32,2.227
6:27:36,2.224
6:27:40,2.224
6:27:44,2.224
6:27:48,2.224
6:27:52,2.221
6:27:56,2.221
6:28:0,2.221
6:28:4,2.221
6:28:8,2.218
6:28:12,2.218
6:28:16,2.215
6:28:20,2.215
6:28:24,2.215
6:28:28,2.209
6:28:32,2.209
6:28:36,2.209
6:28:40,2.209
6:28:44,2.209
6:28:48,2.206
6:28:52,2.206
6:28:56,2.203
6:29:0,2.197
6:29:4,2.197
6:29:8,2.197
6:29:12,2.197
6:29:16,2.194
6:29:20,2.194
6:29:24,2.194
6:29:28,2.191
6:29:32,2.191
6:29:36,2.191
6:29:40,2.188
6:29:44,2.188
6:29:48,2.188
6:29:52,2.186
6:29:56,2.186
6:30:0,2.186
6:30:4,2.183
6:30:8,2.183
6:30:12,2.18
6:30:16,2.18
6:30:20,2.174
6:30:24,2.171
6:30:28,2.168
6:30:32,2.168
6:30:36,2.168
6:30:40,2.168
6:30:44,2.168
6:30:48,2.165
6:30:52,2.165
6:30:56,2.162
6:31:0,2.162
6:31:4,2.159
6:31:8,2.156
6:31:12,2.156
6:31:16,2.153
6:31:20,2.153
6:31:24,2.153
6:31:28,2.15
6:31:32,2.147
6:31:36,2.145
6:31:40,2.139
6:31:44,2.139
6:31:48,2.136
6:31:52,2.136
6:31:56,2.133
6:32:0,2.133
6:32:4,2.133
6:32:8,2.13
6:32:12,2.127
6:32:16,2.127
6:32:20,2.124
6:32:24,2.124
6:32:28,2.121
6:32:32,2.115
6:32:36,2.115
6:32:40,2.112
6:32:44,2.112
6:32:48,2.109
6:32:52,2.109
6:32:56,2.104
6:33:0,2.101
6:33:4,Fully Discharged
